{"mtx": [[365.71645588482716, 0.0, 690.3554811474158], [0.0, 274.77928168180495, 342.8503226467983], [0.0, 0.0, 1.0]], "dist": [[-0.23416148966938685, 0.0484646853675212, 0.0026369026846284472, 0.0013246980666203948, -0.00399352748387932]], "rvecs": [[[-0.4487573458968081], [-0.6194982638990374], [-1.514099940717153]], [[-0.47274277623017685], [-0.5449017567943021], [-1.274431553160771]], [[-0.4854433433210876], [-0.4375760816800464], [-0.9870123934876012]], [[-0.49304158220293054], [-0.48920251976881723], [-1.1100113477432365]], [[-0.4656950415392235], [-0.5524077314723466], [-1.3273121247845225]], [[-0.4286361696502453], [-0.6735515593236351], [-1.6395859531761563]], [[-0.44873081122150266], [-0.6194930439618063], [-1.5142382719602068]], [[-0.4404319084280343], [-0.6590164614122694], [-1.5928415119922583]], [[-0.4544342257877408], [-0.5811083045751867], [-1.3937639948930656]], [[-0.4546530654313641], [-0.5814024848030104], [-1.3937822320104203]], [[-0.4544845400619219], [-0.5813917159743175], [-1.3937856165389166]], [[-0.3488644043183834], [-0.6385020501449462], [-1.2989655299216574]], [[-0.27874320093026445], [-0.689173076558258], [-1.4552946480139777]], [[-0.23203863922723672], [-0.6855805489137343], [-1.7242998094407695]], [[-0.17394425892164417], [-0.7386317041193563], [-1.870864576777636]], [[-0.17862316224091992], [-0.7908415737951623], [-2.0019978185341176]], [[-0.44742517880135574], [-0.6186880425283752], [-1.5120517554312585]], [[-0.1807006471041515], [-0.8876305923420157], [-2.0172565129169224]], [[-0.44949937317118327], [-0.620196898375879], [-1.5003637358996045]]], "tvecs": [[[-3.981837345335842], [1.4866699410732078], [4.308554441905894]], [[-1.7359790620895432], [1.8130843935927103], [4.336797655426361]], [[1.0135090433491667], [1.6430064115103946], [4.923293500941515]], [[-0.08094080861548694], [1.3506146059028254], [4.912937679513479]], [[-2.1885119456980786], [1.5096487283377635], [4.550810099681424]], [[-5.304483848002661], [2.489528055482455], [3.3105803558608575]], [[-3.9816424582813696], [1.4870467808579635], [4.307921471311298]], [[-4.8929496124667144], [2.1933074226775706], [3.636047672348]], [[-2.742529437998958], [1.7484243469385974], [4.226815616202807]], [[-2.7415072894111248], [1.7461249570207666], [4.222688152309887]], [[-2.7409168464150393], [1.745224933537148], [4.221330790495948]], [[-4.429479535261385], [0.7096596856487016], [2.7088253012175323]], [[-3.1896010592493105], [1.2776988343529228], [2.536341619785546]], [[-2.54068990497848], [1.4340807181021151], [2.4940164710283765]], [[-1.7541582793768744], [1.6286961550766275], [2.527931737216741]], [[-0.8944858332889346], [1.6378663339434272], [2.7371170358953316]], [[-3.974108323915253], [1.746337225815103], [4.165303029970851]], [[-0.7218026553399006], [1.7431652111489715], [2.708548518380457]], [[-3.8771173623382023], [2.20200672593603], [3.7750394729517533]]]}