{"mtx": [[360.8961081055376, 0.0, 643.5028441176942], [0.0, 268.65971162463194, 344.6831320794207], [0.0, 0.0, 1.0]], "dist": [[-0.29097218691690513, 0.10939626794674827, 0.002015174197778206, 0.0009127306844958602, -0.01906655648006871]], "rvecs": [[[-0.5054651391338343], [-0.5264768081626905], [-1.528273936010334]], [[-0.5048429408452787], [-0.5268080669599104], [-1.5284390196821285]], [[-0.5046064915319093], [-0.5266803540281781], [-1.5284592132162966]], [[-0.5044507467926974], [-0.5267966527101012], [-1.5284766871578535]], [[-0.5043637440357891], [-0.527117809753001], [-1.5285926864524597]], [[-0.505120054720892], [-0.5268430550697681], [-1.5259152331829555]], [[-0.5052617269606081], [-0.5264092119275239], [-1.528282193628327]], [[-0.5052103861765576], [-0.5264758785588326], [-1.5282833421425432]], [[-0.5048696780457335], [-0.5269103006291689], [-1.528543296974403]]], "tvecs": [[[-3.5514146416639045], [1.9965216879798129], [4.282894266281531]], [[-3.5514697729527076], [1.9949331328495292], [4.274413474604822]], [[-3.5512688049371746], [1.9950784085509183], [4.27396792605899]], [[-3.5506329162351484], [1.9950656325615006], [4.273413580485993]], [[-3.5503764887721023], [1.994979774502002], [4.2719767285542085]], [[-3.5080616717415336], [1.9846987976328072], [4.2788206886902485]], [[-3.551299109126315], [1.9965597964966804], [4.282554416132862]], [[-3.5513159764678166], [1.9966488726141232], [4.282653873652729]], [[-3.5508587423599773], [1.995373321973911], [4.273973949736669]]]}