{"mtx": [[352.3873297886126, 0.0, 626.5806578422104], [0.0, 248.5765362237816, 312.0940730744383], [0.0, 0.0, 1.0]], "dist": [[-0.25058688964907644, 0.06744928184044127, 0.003367145070780411, -0.000854435293177646, -0.008396544547957739]], "rvecs": [[[-0.7933358685145451], [-0.6997556766445893], [-1.4259840631236191]], [[-0.7986339247503085], [-0.6921584864280274], [-1.4307891753866522]], [[-0.80084674277871], [-0.6833993002845952], [-1.4296849478528586]], [[-0.8010600936943099], [-0.6762308997414566], [-1.4251302967171071]], [[-0.802942783969355], [-0.6638525816648715], [-1.4069086153091785]], [[-0.8025998510337587], [-0.6713029101216598], [-1.4046063396928026]], [[-0.79360242128627], [-0.6998055659028106], [-1.4258233308237334]], [[-0.7936203693206889], [-0.6996309861462454], [-1.4259238502150613]], [[-0.7965686574778538], [-0.6915261498611663], [-1.418414290141977]]], "tvecs": [[[-2.7525378679482984], [2.785289715555422], [5.162402848371778]], [[-4.492516616369235], [2.858467044443737], [5.275798825490235]], [[-6.074327928627929], [2.934606722177709], [5.355906406040689]], [[-7.581515533431573], [3.0022236689449615], [5.438202608365424]], [[-8.88336182399478], [3.019837730172833], [5.550700000645575]], [[-10.034567303755024], [2.9228948147682425], [5.7405298126958595]], [[-2.7526691134037296], [2.785028011069361], [5.162354964894024]], [[-2.7525424293724603], [2.7858278186661356], [5.1638701907387805]], [[-3.136372290279623], [2.818025139640318], [5.1715203661042235]]]}