{"mtx": [[356.1029199760492, 0.0, 663.8616260771531], [0.0, 263.8104043305903, 336.2277575779079], [0.0, 0.0, 1.0]], "dist": [[-0.2732665139017805, 0.094349235003309, -0.00042657480067973257, 0.0020657842397198093, -0.01584068061654999]], "rvecs": [[[-0.37539705535343737], [-0.6797724474137102], [-1.3476084323034732]], [[-0.42406562905776113], [-0.663122808988635], [-1.282746304182528]]], "tvecs": [[[-3.7418412585287446], [1.361467542881329], [3.512981333041276]], [[-4.828697147845654], [0.7316503713070925], [3.325526934967556]]]}