{"mtx": [[1544.7964349976517, 0.0, 364.4362267074145], [0.0, 1539.1670099225466, 946.0682010952789], [0.0, 0.0, 1.0]], "dist": [[0.2896788653398439, -1.750722673093024, 0.0021392034660685775, -0.004290427832819421, 2.562093339707308]], "rvecs": [[[0.31832746207620427], [0.01927915203367669], [-3.0982861160280826]]], "tvecs": [[[3.9276340901703475], [3.5023730569786395], [9.843679696085909]]]}