{"mtx": [[357.0088843267579, 0.0, 636.1632549771956], [0.0, 267.36706959751166, 334.7020989519187], [0.0, 0.0, 1.0]], "dist": [[-0.2579938081782165, 0.07206524541354642, -0.0018768574296424596, 8.232500161113845e-05, -0.009092087876068987]], "rvecs": [[[-0.7614706743564158], [-0.6650451603077631], [-1.4104242337034405]], [[-0.7473734861724628], [-0.6904412362532324], [-1.4456712993015093]], [[-0.742651269723026], [-0.6741211290685576], [-1.4100089846571813]], [[-0.5471205478260677], [-0.5306999802519751], [-1.504996788570813]], [[-0.5472467547573229], [-0.5303029388954195], [-1.5050448508799623]], [[-0.7431446224934054], [-0.6794773562254146], [-1.4068944885471517]], [[-0.7471256332755389], [-0.6903984465270766], [-1.4458267677636305]], [[-0.7588292482053712], [-0.6796682039407831], [-1.4243770449919329]], [[-0.7636179720082726], [-0.6679638664346456], [-1.4074713609352612]], [[-0.7437469022961343], [-0.6879429534353823], [-1.438276700134465]], [[-0.7645998302438246], [-0.6695142222708967], [-1.39080283146141]], [[-0.7473962392870712], [-0.6902839983302098], [-1.4457554227854288]], [[-0.7528240676382391], [-0.650317211780133], [-1.40743478115481]], [[-0.7599428630013272], [-0.6793311604224394], [-1.408681992149342]], [[-0.5471618078648945], [-0.5304852289944763], [-1.505035445440778]], [[-0.5472205806746541], [-0.5300568909763126], [-1.5049945136898946]], [[-0.5471701091396389], [-0.5305473692258623], [-1.5050066654662602]], [[-0.7469759140686834], [-0.6901649522119793], [-1.4442553228263968]], [[-0.762578725231291], [-0.673706908175662], [-1.4021810990823902]], [[-0.7604438999888082], [-0.6550662450052488], [-1.4123345962762424]], [[-0.5470549892064708], [-0.530498321251671], [-1.5050609092981417]], [[-0.552394226048347], [-0.5210479428998853], [-1.4807186934192198]], [[-0.5472488873795118], [-0.5304108325727532], [-1.5049472367724654]], [[-0.7547591149841345], [-0.6875810187108871], [-1.43103144414215]], [[-0.7409179494016542], [-0.6849031999945036], [-1.4302543917572792]], [[-0.7620189411744965], [-0.6596047973667368], [-1.406624678619999]], [[-0.7619685399819902], [-0.6752952248423792], [-1.4043275927786436]], [[-0.7608556906435], [-0.6765572180277932], [-1.4061520907469474]], [[-0.7495750956557125], [-0.6841307112159097], [-1.436542082237946]], [[-0.5578831694678367], [-0.5162723359226236], [-1.4729978599705276]], [[-0.761330071484593], [-0.677151401400932], [-1.4066544718368819]]], "tvecs": [[[0.03644861671346054], [2.264660133360841], [5.042774624903967]], [[-2.902923674207788], [2.1564139259594053], [5.283094047515475]], [[-9.068475920618727], [2.2139657585351533], [5.482925352222408]], [[-3.710763031966747], [2.663569927550073], [3.863550781258716]], [[-3.710803153237459], [2.664101537124677], [3.8652351869737473]], [[-10.229711921225494], [2.08596965471301], [5.642786631346958]], [[-2.9027972189861115], [2.156657067403585], [5.283165948126296]], [[-1.6722873639663602], [2.723275166342267], [4.465478483912918]], [[-0.7798519746443014], [2.498367332568581], [4.739742638341372]], [[-6.234266224124537], [2.212038766228122], [5.365052903622243]], [[-3.9597815961030802], [3.109151552162689], [4.021072058974463]], [[-2.9028412986675542], [2.157024594484109], [5.2846218231462565]], [[3.193405575898964], [1.225649335128865], [6.18125484177171]], [[-3.5334950022476357], [2.9753142092748375], [4.1761927314830665]], [[-3.710935882490842], [2.6643277310474334], [3.8648010751998685]], [[-3.711495963012159], [2.664375856343919], [3.8661464104080983]], [[-3.7109055220688334], [2.6641928449078316], [3.864597356346481]], [[-4.646085961786921], [2.1834157043911686], [5.334855227321531]], [[-3.3815013102059233], [3.248479315158158], [3.8137593975037127]], [[1.9215859963395319], [1.4686307695928684], [6.068523985480473]], [[-3.710932703835789], [2.664309869563491], [3.8643744472384753]], [[-3.7287792212237525], [2.5657002087232113], [3.948556718589732]], [[-3.711115595220801], [2.6637802867109843], [3.865191390530972]], [[-2.402222937929776], [3.1302486421594082], [3.927194571039617]], [[-7.754051068419286], [2.2337416305153526], [5.405542822444676]], [[0.891329319943993], [1.7691872203773917], [5.68789155876725]], [[-3.3436191560954223], [3.0169200162950087], [4.122811123771952]], [[-3.5233278959938796], [2.9794891354707502], [4.177523260416229]], [[-3.2873151536706384], [2.1801588437513466], [5.279397865142433]], [[-4.37181402287366], [1.4569185673740634], [4.885162492354972]], [[-3.5295893630846784], [2.9768286040252443], [4.179797635583754]]]}