{"mtx": [[74.6089369872668, 0.0, 641.2425083376254], [0.0, 46.2775221031924, 359.0380757745603], [0.0, 0.0, 1.0]], "dist": [[-0.012463280027667186, 0.00023490759473937544, -0.0017171601514366665, 7.303016341331028e-05, -2.4420123437264185e-06]], "rvecs": [[[-0.10329792437230424], [0.10268423624889927], [1.567061585803711]], [[-0.10330901743273264], [0.10265642045845591], [1.5671212860317039]], [[-0.10335567744881809], [0.1025594508109678], [1.567181007723298]], [[-0.10335027479732574], [0.10270481423939531], [1.5670567180893047]], [[-0.1033723261736155], [0.10270900830644912], [1.5671312793794434]], [[-0.10329305995723194], [0.10261808168752397], [1.5672079635645761]], [[-0.10333206187149938], [0.10264980612805759], [1.5671952325780667]], [[-0.10337547982559053], [0.10268025644577063], [1.5671127112860248]], [[-0.10333311180149325], [0.10263981136775698], [1.5671886013133578]]], "tvecs": [[[3.867294805337364], [-1.7467677246837745], [1.4037138836268166]], [[3.867490444041996], [-1.7464800128584348], [1.4036343014450927]], [[3.867954588334332], [-1.7463482633189553], [1.4037452516305338]], [[3.867389565158309], [-1.746716265807579], [1.4037816293794658]], [[3.867800841244929], [-1.7463602753719416], [1.403866830451039]], [[3.8678553107047837], [-1.746321430046231], [1.403492182876357]], [[3.8676065210067168], [-1.7465032987325992], [1.4035386270479038]], [[3.8677571956281622], [-1.7462606623072932], [1.4038790378306478]], [[3.867819295338878], [-1.746340552716098], [1.403658285087093]]]}