{"mtx": [[74.60893071540667, 0.0, 641.2425099743784], [0.0, 46.27751821237013, 359.0380764032093], [0.0, 0.0, 1.0]], "dist": [[-0.012463277984104433, 0.000234907519527053, -0.0017171599955188037, 7.303028205514466e-05, -2.442011214432794e-06]], "rvecs": [[[-0.10333205380672715], [0.10264979622973568], [1.5671952319206313]], [[-0.10337231810535857], [0.1027089984032389], [1.567131278722011]], [[-0.10329305189582792], [0.10261807179198716], [1.5672079629072317]], [[-0.10329791631029743], [0.10268422634761913], [1.5670615851465657]], [[-0.10335566938240363], [0.10255944092067676], [1.5671810070655299]], [[-0.10337547175714952], [0.10268024654502496], [1.5671127106286005]], [[-0.10330900936985757], [0.10265641055970577], [1.567121285374433]], [[-0.1033502667309159], [0.10270480433653802], [1.5670567174319736]], [[-0.10333310373659246], [0.10263980147038188], [1.56718860065587]]], "tvecs": [[[3.8676064928646103], [-1.7465033219893706], [1.4035385132537634]], [[3.8678008130965567], [-1.7463602986359055], [1.4038667166297776]], [[3.867855282561658], [-1.7463214533003109], [1.403492069086352]], [[3.867294777187865], [-1.7467677479421253], [1.4037137698166107]], [[3.8679545601929517], [-1.746348286577139], [1.4037451378216936]], [[3.8677571674809896], [-1.7462606855704517], [1.403878924008863]], [[3.8674904158955625], [-1.746480036115618], [1.4036341876423186]], [[3.8673895370102804], [-1.7467162890693433], [1.4037815155644304]], [[3.867819267194344], [-1.7463405759743296], [1.4036581712831875]]]}