{"mtx": [[364.4243292766987, 0.0, 661.9119596983045], [0.0, 272.2631347166976, 331.0012341955334], [0.0, 0.0, 1.0]], "dist": [[-0.2643943410290115, 0.07122201741172347, 0.002459099376675651, -0.0004952352489329806, -0.008264471575543535]], "rvecs": [[[-0.7182810468656957], [-0.8585478518703634], [-1.4471422770093954]], [[-0.45499995729597714], [-0.9602096901842242], [-1.8414995703578294]], [[-0.36149472768244456], [-0.7981479423356413], [-1.8144301152468671]], [[-0.35165864132781804], [-0.7614453341927269], [-1.4661603362965945]], [[-0.4029196129138255], [-0.6920706744777645], [-1.3409067706912403]], [[-0.45227653714968974], [-0.6751584722163484], [-1.275592957053571]], [[-0.4570467908124454], [-0.6670037322732065], [-1.2239628300348302]], [[-0.6563391727297634], [-0.8232167695458152], [-1.446334357099714]], [[-0.5078597738244269], [-0.5917075988291954], [-0.9601793422947575]], [[-0.49365996466560946], [-0.526981472057579], [-0.7447432984029687]], [[-0.4601794531701907], [-0.4893979436600826], [-0.5733782387725106]], [[-0.4500738527101868], [-0.4779527311471116], [-0.7137579798248588]], [[-0.44619131577004667], [-0.5805903719941684], [-0.9989226548480208]], [[-0.4227733458634373], [-0.5936892869659358], [-1.2759273600464898]], [[-0.36066493518426185], [-0.6528057879975905], [-1.429301156396576]], [[-0.31697782959991644], [-0.6546324201484475], [-1.695391415334016]], [[-0.26292537102826025], [-0.7145573692852172], [-1.8395979977571353]], [[-0.2748879168885076], [-0.7747426066941421], [-1.965165297431595]], [[-0.37663154095528456], [-0.9522374465160737], [-1.949475350452965]], [[-0.2764803679153259], [-0.8764620988409079], [-1.9778149489699994]], [[-0.4707475394443677], [-0.9636765118921947], [-1.8285703337139414]]], "tvecs": [[[-3.909057475873615], [5.7569546971856305], [7.096625972515497]], [[0.5441988720065927], [5.304472806012608], [8.25105425814003]], [[0.1934075247624356], [3.2367277440988422], [5.296111842217403]], [[-2.4787940541290343], [2.419493208234975], [3.57031826615342]], [[-3.7218469948353], [1.4278012357787546], [3.6714979392707745]], [[-4.810476651302123], [0.7967957199413036], [3.492545582721597]], [[-5.799779808201755], [0.03218191508550835], [3.6697356838445536]], [[-4.109196560016761], [5.3439159113461745], [7.328398207909578]], [[-5.9773114906505596], [-1.1520201847122662], [4.208829010042184]], [[-6.236817473585725], [-1.9503482499216973], [4.517632462720377]], [[-6.072686869707007], [-2.707937377614889], [4.986849760839709]], [[-6.258846731282029], [-2.359694508229607], [4.1990312057120684]], [[-6.594902304550688], [-0.29815281055290555], [3.4290809090260437]], [[-4.194159935702877], [0.8844147669657733], [2.9536855934002824]], [[-2.9712070025772404], [1.4269488169332074], [2.6598920052942803]], [[-2.3370650556795503], [1.5761041232653554], [2.5764852843806896]], [[-1.5531585867814388], [1.766564084455262], [2.5429072738035026]], [[-0.6867911100493057], [1.773802116124739], [2.6837465285335544]], [[-0.35205452459701986], [4.783245270698816], [7.1382294088862235]], [[-0.5112176979116058], [1.8744886139092483], [2.632074086206395]], [[0.9146896714870885], [5.49930787320502], [7.87022113819257]]]}