{"mtx": [[333.4422473216591, 0.0, 673.2526348560544], [0.0, 241.48447299396906, 336.0787624236683], [0.0, 0.0, 1.0]], "dist": [[-0.19655533919802087, 0.03752152313991772, -0.0039130789947856215, 0.0006763847614348928, -0.0029999952133677693]], "rvecs": [[[-0.44671574241152684], [-0.5198855162197958], [-1.4630108226086476]], [[-0.47616041142788], [-0.5232131535612989], [-1.5352411277053832]], [[-0.49316234620121], [-0.5066977278385455], [-1.5014067045440458]], [[-0.4500630827017714], [-0.5172293924467346], [-1.510286712197893]], [[-0.49086538330269197], [-0.5079641015688844], [-1.5032490958082432]], [[-0.5152463291196906], [-0.5004933224171132], [-1.5145252740871524]], [[-0.4668070058553612], [-0.5075259122275473], [-1.4509567950369275]], [[-0.49019463241889466], [-0.5043365907676354], [-1.484434714189324]], [[-0.482536740532698], [-0.5139182636801148], [-1.505840450503537]], [[-0.5175679581453316], [-0.48113658821969973], [-1.4975536801488871]], [[-0.5008557024550193], [-0.5025235355393045], [-1.5335464268786925]], [[-0.4932065872783259], [-0.5069625139913099], [-1.5015880525095973]], [[-0.5034785980656742], [-0.5257760493613586], [-1.5082328215361203]], [[-0.48888528613692406], [-0.509546898512156], [-1.5000591361670292]], [[-0.4903033812429549], [-0.5068641699552652], [-1.4928652115922016]], [[-0.4885032328037913], [-0.5092594392735424], [-1.5000534048732748]], [[-0.49176317371493133], [-0.5119394689614813], [-1.567134338115388]], [[-0.47255376615912564], [-0.5126780516939073], [-1.4622183489675826]], [[-0.4961119733284578], [-0.4953042660908294], [-1.4560156636026576]], [[-0.46632428571462975], [-0.5321252537703876], [-1.4963514411383283]], [[-0.49616548215598216], [-0.4951916907258032], [-1.4559230493714712]], [[-0.4839897223096019], [-0.5171824493446548], [-1.5426577814257536]], [[-0.4931370433808746], [-0.5068849614381575], [-1.5015823885405595]], [[-0.4928469108032073], [-0.50658039859013], [-1.501557951511434]], [[-0.4930127760188318], [-0.5066604753489329], [-1.501458426058675]], [[-0.49574128386834326], [-0.5162999264023762], [-1.5695929938140334]], [[-0.4676036422996579], [-0.5241397745096548], [-1.495605813611571]], [[-0.49257926984738565], [-0.5068653353350852], [-1.5039754081817676]], [[-0.4858514474746498], [-0.4866863734075923], [-1.4719149365389288]], [[-0.5180506214424502], [-0.4789656478982853], [-1.5350905591354636]]], "tvecs": [[[4.119186379767515], [1.5959134411847615], [4.566074895272394]], [[-2.8649100784037143], [2.388855266965327], [3.7798472332531716]], [[-3.939819464645018], [2.2857020420559677], [3.8724738521577535]], [[2.971070315010195], [1.380267998822088], [4.749115157970931]], [[-3.744718840744499], [2.266870526224636], [3.884195366694573]], [[-6.916043653842943], [1.8222521283003017], [4.2635591616630135]], [[-0.6371482252649954], [-1.4402932586726005], [6.620577153894661]], [[-3.4507820902699433], [2.2731657235379217], [3.872612710525319]], [[-2.917861919961049], [2.271447223163534], [3.867318613074729]], [[-9.20670210117098], [-0.6449502413742625], [6.1697478713829454]], [[-9.352767022592609], [1.0669816059145323], [4.9003744728097605]], [[-3.939269743285746], [2.2864226764197144], [3.8726479190194154]], [[-3.201554021513737], [-1.9867895554061832], [7.067938554888075]], [[-3.4831696098412004], [2.409180216694147], [3.772475295084926]], [[-3.5034328639166317], [2.3909690916971655], [3.787994005971387]], [[-3.483242731530315], [2.4095505850074406], [3.773284661098151]], [[-6.873665419213546], [2.133482044926497], [4.049125817327864]], [[1.7567447978758486], [0.1873229144370973], [5.542605405718324]], [[-3.448744289519942], [2.272843542196449], [3.8727037115856304]], [[0.2423611919745824], [2.064339750089764], [4.018527002040195]], [[-3.4486064431481385], [2.2728259694697175], [3.8732601256451304]], [[-3.934395466487064], [2.3197748344397997], [3.852354147815175]], [[-3.9391910148531206], [2.2864006986428063], [3.8728710529512638]], [[-3.9394307252240246], [2.286622662045454], [3.873625353511762]], [[-3.939681033609252], [2.286246960774569], [3.873192687129582]], [[-7.024504834328834], [2.407758187500233], [3.8362173298652626]], [[-0.8849525636853005], [1.4719224370103536], [4.426758637333839]], [[-3.944013236464046], [2.2842373276741275], [3.875538396018971]], [[-2.884355929555184], [1.5702897319206681], [4.411894918899126]], [[-9.861038406493323], [1.9016005602842172], [4.362675635729895]]]}