{"mtx": [[295.9194610116096, 0.0, 659.1971316526406], [0.0, 201.82806735335942, 336.43102947356834], [0.0, 0.0, 1.0]], "dist": [[-0.13822830854649854, 0.017337173226938705, -0.0024907358352910065, -0.0012286506877816944, -0.0008926636749862356]], "rvecs": [[[-0.4255312855717812], [0.4397470093108997], [1.5263214509543959]], [[-0.42548984575343635], [0.4396337401656952], [1.5441508696178174]], [[-0.4375502252092667], [0.435795084169771], [1.5587445673626092]], [[-0.38835196806028965], [0.4723018824848013], [1.5220966782452487]], [[-0.42692879312464477], [0.43960873430419345], [1.5423489376345845]], [[-0.44231225000849156], [0.4382047590451393], [1.5771550641539585]], [[-0.4394984065022046], [0.43835402507783844], [1.5868396205762851]], [[-0.41956835573178397], [0.4640026262562618], [1.576564414478101]], [[-0.44926862452246125], [0.43486906674234027], [1.5708531904258534]], [[-0.43633783909620244], [0.4220002510276329], [1.563550048981571]], [[-0.4082055934611293], [0.4513082171595305], [1.5086466227728315]], [[-0.441101455457313], [0.43543804178893186], [1.5661296877234236]], [[-0.386551490331843], [0.45313523352505475], [1.4579405120328173]], [[-0.42496991387709776], [0.4395959045918353], [1.5284129154319097]], [[-0.41479951831277123], [0.44987665905368845], [1.5418536601864834]], [[-0.4144199769238144], [0.45208405316113964], [1.544706668344306]], [[-0.37367756626842635], [0.44880734608886136], [1.4325601544516464]], [[-0.41980559204741347], [0.4503817234033939], [1.5377851537307974]], [[-0.4458916274674701], [0.4297958606992071], [1.5632365244466886]], [[-0.4444170619908884], [0.4348367679612195], [1.5880838248535836]], [[-0.41513493462560563], [0.4503759628569131], [1.5418180724748851]], [[-0.41478133017097796], [0.4505222331416038], [1.5418313561698647]], [[-0.41856983329454667], [0.4522989829110864], [1.5482100374568895]], [[-0.44560382391151354], [0.42554922450532084], [1.5586317313692146]], [[-0.4255135730946869], [0.439620837896986], [1.5262446761684019]], [[-0.42566810566455504], [0.4395445429271472], [1.5263392777650848]], [[-0.4149472784106932], [0.45030051825246686], [1.5418047355610622]], [[-0.42187882182859515], [0.4530644397670849], [1.5536026555048217]], [[-0.4255821574241923], [0.43931992006112214], [1.5263273362429342]], [[-0.4214657243938368], [0.4578535319405203], [1.5522549461210204]], [[-0.38761187564689925], [0.453923895170459], [1.4709605615077832]], [[-0.42561225367927297], [0.4398597772943946], [1.5263561445464329]], [[-0.40356621291581474], [0.4853707344525839], [1.5787643203304418]]], "tvecs": [[[3.781695194254866], [-1.1519239680853797], [5.675160907892051]], [[4.055455524580686], [-1.5197649155212007], [5.911382451683806]], [[4.841849932709496], [-1.4406920292571919], [5.924629896257824]], [[0.7958566647540438], [-1.4877097614814776], [5.774721661912841]], [[4.073343913837259], [-1.5041837104849014], [5.910231930651157]], [[9.88232728958073], [-1.49575352050806], [6.1114005022511755]], [[11.489178250352102], [-1.4189089853153358], [6.07955863758661]], [[3.3179001120896228], [-6.31619922953961], [8.917283707925051]], [[8.113677058940192], [-1.6105257270335327], [6.161067105457313]], [[6.434976493465108], [-3.4917043389375766], [7.24396211035372]], [[2.4720455583853003], [-1.3829559524846358], [5.742746513125943]], [[9.853587299293944], [-1.4280186640900052], [6.063423467562915]], [[-2.4919903010037707], [-1.3384217584034206], [5.848328951433523]], [[3.7912815375752853], [-1.211129416536632], [5.708862195971384]], [[3.3004329902816716], [-1.3950380414406003], [5.796490925136165]], [[3.268680249768788], [-1.4233031312473805], [5.813189836324625]], [[-4.1528500771048265], [-1.0612046510053843], [5.727610547156278]], [[3.468327892120626], [-1.3826961887775884], [5.798410886462765]], [[5.874931930934353], [-2.6026275800597296], [6.700021818830149]], [[6.484638842687696], [-1.6111752633369782], [6.103110614666293]], [[3.3001980895078127], [-1.394916890108871], [5.796807085396199]], [[3.300141798775921], [-1.3953816435468704], [5.794186873052349]], [[3.4505073243329245], [-1.9049179561222018], [6.130806370120368]], [[6.855367606539523], [-1.5202732360492586], [6.044651216292643]], [[3.7813471937505434], [-1.1530419683815751], [5.675150953232807]], [[3.7817099744898313], [-1.151587658142215], [5.675594435435566]], [[3.300466484148668], [-1.3955048420198692], [5.796592602883999]], [[3.629586628605595], [-2.5558545389956233], [6.533239677880608]], [[3.7816188179152266], [-1.1518832192942827], [5.675758059783345]], [[3.3919350874316634], [-3.3287604601248457], [7.0063923943466895]], [[-1.5102178781520381], [-1.2299067978961573], [5.7366393911401845]], [[3.7817476750761725], [-1.1518510588402324], [5.675596183093529]], [[3.365730022661583], [-4.617340142641557], [7.7072878766400015]]]}