{"mtx": [[308.57104553794767, 0.0, 658.6129046257462], [0.0, 212.90820105279437, 334.6539019520971], [0.0, 0.0, 1.0]], "dist": [[-0.149586865755453, 0.020252050258798084, -0.0021108054625274, -0.0011653793304768404, -0.0011283009125221386]], "rvecs": [[[-0.4345870528119982], [0.47210695721682666], [1.5379313749120116]], [[-0.46079898842939626], [0.4594435641311403], [1.5825804135137391]], [[-0.44516695109640686], [0.460606706093625], [1.5225939961197998]], [[-0.4276989654770684], [0.4727449078800887], [1.5048899623325198]], [[-0.444657942603752], [0.46062079995763083], [1.5246597810037392]], [[-0.4412586442514402], [0.48841828679736976], [1.572147110007604]], [[-0.406315828016619], [0.49445163934012093], [1.5183189130423314]], [[-0.4238341435780637], [0.5096208925589176], [1.5743073809047383]], [[-0.4622386184058084], [0.4553950527919882], [1.562250762209764]], [[-0.4702722314448668], [0.45440245278128216], [1.566903747485011]], [[-0.4454007599478565], [0.46116421810665614], [1.540308341127393]], [[-0.44243968111135024], [0.4812244614621175], [1.5480496000725197]], [[-0.4425655707432364], [0.47593134585760477], [1.5494873249397114]], [[-0.4396508178160186], [0.4720350242322927], [1.5339089071748577]], [[-0.45786264212829453], [0.4568608379079762], [1.5548859955963448]], [[-0.4341209768265848], [0.47400253885066435], [1.5407919047858112]], [[-0.3939055140738338], [0.46970202913587056], [1.4289986628793094]], [[-0.43891864507110434], [0.4748386238658035], [1.5441543346669382]], [[-0.4344285440762404], [0.4722979728955092], [1.5379460824359623]], [[-0.4637949617714016], [0.4581615882109877], [1.5731144172390417]], [[-0.43438818823244524], [0.4716873012576426], [1.5379733020761677]], [[-0.46603699751459204], [0.4455414672630144], [1.5548389373897658]], [[-0.44530119103870264], [0.46038284403231594], [1.5226221908346698]], [[-0.4452193818074016], [0.46023786914784165], [1.5226290903834832]], [[-0.44528152345468186], [0.4608037300171725], [1.522624807305098]], [[-0.46726908110080934], [0.45184621413708154], [1.5592171185849355]], [[-0.4057799166988891], [0.4747937237013146], [1.467499391841432]], [[-0.4468480327375529], [0.4613072013912333], [1.5384592695714294]], [[-0.4649008859636225], [0.45554921062184583], [1.5841379514355156]], [[-0.4054375257197392], [0.4744967589705819], [1.4543452973524915]]], "tvecs": [[[3.3120366364984397], [-1.3281780258629623], [6.0449815190354945]], [[11.501763111911211], [-1.3399182901194209], [6.345717483507525]], [[3.7924792034239982], [-1.0883245607178618], [5.9171609612802]], [[2.4844423087563463], [-1.317161795404295], [5.990873013108468]], [[3.8020837677170944], [-1.1465092948505797], [5.952406154771471]], [[3.3358518307157383], [-6.159377594887491], [9.318804842019334]], [[0.8088034580972698], [-1.4218412408120333], [6.024646022475228]], [[3.382142116246748], [-4.494020026110846], [8.0475089648711]], [[9.864731659894787], [-1.350156209346838], [6.327126431296534]], [[8.12367567253601], [-1.5313868047535448], [6.426417711961028]], [[4.066329360275923], [-1.4491478546031424], [6.163322637322941]], [[3.4058786056361723], [-3.225646934542246], [7.310737748328364]], [[3.642282654824252], [-2.466516260167603], [6.814814274388248]], [[3.4798633394628697], [-1.3149708989537559], [6.0466520740207415]], [[4.851932321164397], [-1.3691620801330657], [6.176554319781942]], [[3.280355276344206], [-1.3554109809043298], [6.0625185035897164]], [[-4.147779377152658], [-0.9954539591678919], [5.992613136522019]], [[3.4625717021280473], [-1.8275408991100326], [6.39418858861471]], [[3.311758088418908], [-1.3281274675562014], [6.042625129742057]], [[9.892404285093049], [-1.4163137091139635], [6.377941178521116]], [[3.3120295114623666], [-1.327859825636076], [6.044815780371784]], [[6.865741324818975], [-1.4452756760676995], [6.303227671086616]], [[3.792516760835368], [-1.0879107208179162], [5.917553428602537]], [[3.7925254244155315], [-1.0881558111611183], [5.917621147370504]], [[3.792535141910644], [-1.0881725816380738], [5.9176692084308495]], [[5.8862795595707285], [-2.508493835335613], [6.988195835268794]], [[-1.5004062103907576], [-1.1660032224278827], [5.991110725567479]], [[4.084104079227429], [-1.4337673989340558], [6.161770801644174]], [[6.4948122050774035], [-1.5342151916823563], [6.363681408511049]], [[-2.482777760976455], [-1.2710202565196043], [6.110224476528489]]]}