{"mtx": [[373.9884786517187, 0.0, 664.4622453968176], [0.0, 131.06730496430424, 214.69112984409753], [0.0, 0.0, 1.0]], "dist": [[-0.21844755906734947, -0.016874401855457532, 0.2536237647137276, 0.0035275474453427685, 0.0038249029210460075]], "rvecs": [[[-0.43974816174297143], [-0.33264450720977407], [-1.5861107415747888]], [[-0.4134467991766322], [-0.473760246246639], [-1.3756280890933121]], [[-0.29053626715442304], [-0.49936608891367606], [-1.1653666406646896]], [[-0.3230887926136639], [-0.5016286513120314], [-1.2541743441183535]], [[-0.4980675678635854], [-0.4095560547852207], [-1.5355518952275817]], [[-0.5313985076043413], [-0.2902148473082978], [-1.8030289136596214]], [[-0.4417732823148206], [-0.2924139024569056], [-1.946307897276233]], [[-0.4398529865740703], [-0.33232036677199533], [-1.5860990137257116]], [[-0.5412936186294953], [-0.30403491231986896], [-1.7321349798316217]], [[-0.38388846963894757], [-0.48915656734463475], [-1.3680495460166242]], [[-0.3481254418017266], [-0.5108971073440292], [-1.2888046783887197]], [[-0.2504444093215081], [-0.4652882258430693], [-1.048639147696706]], [[-0.2614703014100597], [-0.3474338941665297], [-0.8679974616963027]], [[-0.24447787774334018], [-0.4462148326734187], [-1.0033450046539065]], [[-0.30632038326753613], [-0.5024847256991304], [-1.2202458947208399]], [[-0.4721584714582298], [-0.41792879429126484], [-1.484303070776106]], [[-0.5031983184900255], [-0.40444256326398553], [-1.5241936559151623]], [[-0.5314330803347406], [-0.3075000188856716], [-1.71502334879972]], [[-0.43990711006410893], [-0.33214184113526596], [-1.5860773010765066]], [[-0.5246610680914896], [-0.3003425724558788], [-1.7254024815316085]], [[-0.5246310351682826], [-0.30025202217124275], [-1.7253173289955444]], [[-0.5247819544971644], [-0.3004817282301496], [-1.725280232236687]], [[-0.5042444893685069], [-0.3604176796778707], [-1.5782716207496714]]], "tvecs": [[[-4.4918602630714055], [5.163564352736511], [7.614780155866219]], [[-3.2290548405469877], [6.679559415944579], [6.121904001051033]], [[-1.6466253829504733], [5.934813454848719], [5.835541322116105]], [[-2.2474348290521085], [6.179529750003663], [5.8481960379838105]], [[-4.1422583904336525], [7.362299873373417], [6.277526998448267]], [[-5.757970308945859], [8.33334038963319], [6.249647522815122]], [[-7.052158033786715], [9.476199112070299], [6.140186654286595]], [[-4.492135542402221], [5.162595022205561], [7.615103510300743]], [[-5.335278072575785], [7.920871924123423], [6.3438911083628895]], [[-2.9490129015772335], [6.671817382487574], [5.95595270463743]], [[-2.2880943905976743], [6.361709134632064], [5.825111057669791]], [[-0.39552729489114363], [5.8350579586818165], [6.017121917171222]], [[2.075578528681664], [6.268311517311487], [6.975348150347953]], [[0.3684146055163471], [5.351727511214419], [6.334709324516913]], [[-1.9081905702666107], [5.562011582157301], [6.157160669392154]], [[-3.8799651858639477], [6.623191863113508], [6.56813897995834]], [[-4.155347941447665], [7.158839192796723], [6.381389664925454]], [[-5.298525410977366], [8.849107384583808], [5.939253505203157]], [[-4.492134482215838], [5.161780692136798], [7.614569151889369]], [[-5.3191291203302145], [8.806654260241514], [5.938724795942236]], [[-5.318642654923289], [8.800875255870915], [5.935022827616485]], [[-5.318694897277231], [8.798958773965763], [5.933452499744152]], [[-4.457609331139311], [6.499949344314368], [6.952490516802731]]]}