{"mtx": [[364.03443142007836, 0.0, 658.0434020037759], [0.0, 265.66569448933933, 320.04626926602384], [0.0, 0.0, 1.0]], "dist": [[-0.19306653664212195, 0.031487733667126386, -0.000901780605761465, -0.00042081541112374513, -0.002049225860792335]], "rvecs": [[[-0.569618482228049], [-0.5208773689456261], [-1.48011403408901]], [[-0.5694699528903524], [-0.5207989393846674], [-1.4802180589481684]], [[-0.6021364818252121], [-0.6855769989472751], [-1.5107953613757754]], [[-0.5901146860605301], [-0.6884442479068934], [-1.5118425810998308]], [[-0.5775609738714792], [-0.691099731465692], [-1.5059135779058654]], [[-0.5547565605148823], [-0.6985155914265723], [-1.5250672237576834]], [[-0.5615224248035379], [-0.7059090979953405], [-1.565042332048867]], [[-0.5960040755869871], [-0.6794768175131123], [-1.5087505789835491]], [[-0.6375222776253786], [-0.6755894052539084], [-1.4938270407667138]], [[-0.6570125879591857], [-0.658360308448302], [-1.4592173835540827]], [[-0.6856905153315992], [-0.5679503738757012], [-1.4608034896749926]], [[-0.6604910999012099], [-0.601851991176874], [-1.5148961040132982]], [[-0.6436877790453683], [-0.6171065440929719], [-1.5771681629753755]], [[-0.6333698434777646], [-0.614583562324116], [-1.6201114332914914]], [[-0.6331695449845889], [-0.6317057199174948], [-1.6270359297963612]], [[-0.6320981123696555], [-0.6658602588092439], [-1.6272908111708]], [[-0.6212115898884165], [-0.693757796553149], [-1.6262258813951085]], [[-0.6065154071419444], [-0.7017449955824678], [-1.6044362862903787]], [[-0.6185044866254992], [-0.6890990967414113], [-1.567362283153704]], [[-0.5427860744112917], [-0.5526266333653481], [-1.512278051254862]], [[-0.627688118977488], [-0.6607170892865278], [-1.5007053618338113]], [[-0.5497657657802919], [-0.5421495953269109], [-1.4830970191974524]], [[-0.5658690959656034], [-0.525292933285011], [-1.4815326867049392]], [[-0.5693990341617248], [-0.5211012292315482], [-1.4825836197091182]], [[-0.5697991363874554], [-0.5209333512463752], [-1.4800503338801672]]], "tvecs": [[[-3.7463134370001208], [2.5784376503212716], [4.464259387403148]], [[-3.746058082113277], [2.578845005791861], [4.4647281509127925]], [[-1.008875980735516], [3.1675909994488105], [3.781504581601311]], [[0.6305430030209404], [3.3370257674527353], [3.6789573447493984]], [[2.0875802145818936], [3.299029317050422], [3.797730385416472]], [[3.8432728493101664], [3.538119415966038], [3.65231306979037]], [[1.739557353715654], [0.6282688079428794], [6.78896038291811]], [[-0.10411616456643083], [-0.17678485750936107], [7.587109294289823]], [[-1.4667338702173958], [-0.6386067359107249], [8.097770999197891]], [[-2.6998256635540145], [-0.8465360738704816], [8.30152790056506]], [[-9.296241503998809], [0.27287241211919344], [7.830231751628131]], [[-10.332258125805176], [1.7608916027644874], [6.292247808597235]], [[-10.194201380797377], [3.216790947689773], [4.7586309170582055]], [[-9.092387494940908], [4.076827054155799], [3.816840500551742]], [[-7.536083519503656], [4.189100916020936], [3.4499615561023056]], [[-5.212017919568182], [3.9690770032268596], [3.3483801784844904]], [[-4.014529667683158], [3.9198815303011343], [3.2155108543760353]], [[-2.8921337204647366], [3.710579587980252], [3.318506446797887]], [[-2.817245227694904], [3.3743426205011544], [3.669009210902447]], [[-2.6644222990981046], [2.6484212197077595], [4.272493866330813]], [[-2.904523689569229], [2.8918334483600265], [4.174807835720058]], [[-2.715047287463773], [2.536737993089288], [4.369530402656755]], [[-3.549211293018228], [2.5536661716847946], [4.457535834339929]], [[-3.750770187036492], [2.5766261175170233], [4.467309355969742]], [[-3.746494064429147], [2.5778076333335305], [4.463457031796236]]]}