{"mtx": [[364.3434656789032, 0.0, 657.9097106123727], [0.0, 266.7016838020273, 321.3097314704054], [0.0, 0.0, 1.0]], "dist": [[-0.1945653731972549, 0.0320523856376804, -0.0011534364451259514, -0.0003821504640807531, -0.0021045954467216275]], "rvecs": [[[-0.5533258210329248], [-0.6955683232585781], [-1.5266958522524865]], [[-0.542853872293814], [-0.5516609022177101], [-1.512397071765957]], [[-0.5693346413530928], [-0.5204706592959819], [-1.479964771997334]], [[-0.6587948509874721], [-0.6026675871706001], [-1.5143185473279575]], [[-0.5654947660441847], [-0.5247234231062116], [-1.4814870079922593]], [[-0.6202174566971034], [-0.6933191924884176], [-1.626196541455787]], [[-0.6558598648114615], [-0.6565903348699654], [-1.459617647622261]], [[-0.6310910963578985], [-0.6142854568534536], [-1.6197540250979834]], [[-0.5618707103833], [-0.7038995351769899], [-1.565921945207297]], [[-0.5498115083103529], [-0.5411752488077511], [-1.483214484029549]], [[-0.6060638893906605], [-0.7006050335654298], [-1.6046678933528264]], [[-0.5693861916114974], [-0.520735713260588], [-1.4801402917081394]], [[-0.6306996568451725], [-0.6660996289057072], [-1.6270440173783218]], [[-0.6313689503282417], [-0.6324410969556489], [-1.626739021087546]], [[-0.5906314187292103], [-0.6863020106538772], [-1.5125494928816314]], [[-0.5775304743046995], [-0.6886343853866592], [-1.5069125592858588]], [[-0.6271129567144281], [-0.6593794684225712], [-1.5010053701372559]], [[-0.6024664657855733], [-0.683745217714112], [-1.5113549206734815]], [[-0.6416925242903884], [-0.6173237607853355], [-1.5768189569044513]], [[-0.5956363624768718], [-0.6775157729806525], [-1.5094881834813456]], [[-0.6180211821015045], [-0.6878281100126273], [-1.5676322872215067]], [[-0.5692960112067301], [-0.5206601765667253], [-1.4801388216443347]], [[-0.5690071348114693], [-0.5203371239538601], [-1.4801325414694202]], [[-0.5691545634849154], [-0.5204150038845178], [-1.480028585239095]], [[-0.6839345610483918], [-0.5680377768101467], [-1.4601449157343016]], [[-0.5689308811524413], [-0.5206415808440231], [-1.482495506529415]], [[-0.6366458588555224], [-0.673698582103105], [-1.4943969612330965]]], "tvecs": [[[3.848098484591793], [3.510185883828036], [3.660226734280819]], [[-2.66303332638622], [2.6190258226060785], [4.279995532264868]], [[-3.7447641533847507], [2.5468732080266796], [4.469270922371107]], [[-10.325087862751472], [1.7159685356606316], [6.281652519351269]], [[-3.5475315661470934], [2.523044556662575], [4.46367370313701]], [[-4.012711176458704], [3.887947008127132], [3.2216625189662764]], [[-2.696737609918072], [-0.8838397206471281], [8.3088244790778]], [[-9.090750500122098], [4.038702933313843], [3.817806609733462]], [[1.7411183992515948], [0.5937068437333097], [6.792780528643195]], [[-2.7136321133506245], [2.5073046447859046], [4.377009426263837]], [[-2.890826523251783], [3.6806400370885353], [3.32683543609897]], [[-3.744212046625968], [2.547628853796255], [4.469520699918549]], [[-5.209895257627777], [3.9349440676539094], [3.3520810738512714]], [[-7.53368161037685], [4.152134709965928], [3.449586140404793]], [[0.6316263638473855], [3.308126811531048], [3.6880500866670802]], [[2.089221298026628], [3.26971543281305], [3.8053658803162476]], [[-2.903009395767775], [2.861559376182811], [4.18279368283167]], [[-1.0078650848388895], [3.1389418970179346], [3.7910036427588456]], [[-10.18939628439454], [3.1750911818136474], [4.753141100535437]], [[-0.10138717379471764], [-0.21204175677744438], [7.593434339830899]], [[-2.8158877184881503], [3.3443789925748977], [3.6772805435826106]], [[-3.744109547953642], [2.547609323745609], [4.469717131773487]], [[-3.7443275956255357], [2.5479024593942166], [4.470544157836714]], [[-3.744583026486602], [2.5474979743064883], [4.47007501747239]], [[-9.291412231483967], [0.22824825620742242], [7.825563736434554]], [[-3.749038620797764], [2.5456773347471655], [4.473106538630866]], [[-1.4636473453789831], [-0.6750959688142752], [8.104828964994937]]]}