{"mtx": [[291.37550195482834, 0.0, 637.5382912804303], [0.0, 213.05363719212508, 336.6638744443806], [0.0, 0.0, 1.0]], "dist": [[-0.18364389663403058, 0.03060735086007548, -0.014398932215907838, 0.000653648770502968, 0.007722996616137701]], "rvecs": [[[-0.3870648825624999], [0.3593034866157786], [1.5186466768686842]], [[-0.3873153100131615], [0.3595999620413889], [1.5187135031112624]], [[-0.38708805541161895], [0.35941724009137827], [1.5185705929405242]], [[-0.38714978289194624], [0.3592491576062322], [1.5184262486181392]], [[-0.3870185862200752], [0.3593083497160321], [1.5185005756445809]], [[-0.3871097871787765], [0.35936691950165506], [1.5185605145125667]], [[-0.38701678165191966], [0.359258613234406], [1.5184844160556168]], [[-0.38705895650970834], [0.3594412414502335], [1.5185736091431665]], [[-0.3872525598014962], [0.35936454533473156], [1.5184944172325956]]], "tvecs": [[[3.679169326344913], [-2.3579612467269095], [5.534669752425602]], [[3.679923816272633], [-2.356581447274297], [5.535304097041225]], [[3.6789344581933103], [-2.358094705188127], [5.534629004457052]], [[3.67850733630529], [-2.358695861930015], [5.535066732852172]], [[3.6786810064992284], [-2.358298930439341], [5.534797145902653]], [[3.6788707555083446], [-2.3581232663940868], [5.53463467427329]], [[3.6786301776148638], [-2.358594595420475], [5.5345809783264395]], [[3.6789319757388195], [-2.3581024048154577], [5.534273546742249]], [[3.6788055979984775], [-2.358267970448212], [5.5352964670706655]]]}