{"mtx": [[339.6812975804107, 0.0, 629.7745171337942], [0.0, 251.07971780991522, 317.84502446867714], [0.0, 0.0, 1.0]], "dist": [[-0.23395933343479752, 0.059043557634683524, -0.004687415406142772, -0.0006088657255568491, -0.006614185649197897]], "rvecs": [[[-0.4501106222810954], [-0.4505890338525588], [-1.5384994022643401]], [[-0.4518308077528685], [-0.44682941127460263], [-1.534514184699536]], [[-0.45000381346706], [-0.450766654815461], [-1.5385913586635591]], [[-0.4499979458647909], [-0.45102030166783047], [-1.538789100073005]], [[-0.4516556872770169], [-0.4452499759305137], [-1.52916282475658]], [[-0.4514635124146802], [-0.44611532321026137], [-1.5342782254600573]], [[-0.46564799658957545], [-0.4218994968731792], [-1.4632933652222506]], [[-0.4525154020105591], [-0.4459323479614297], [-1.531980788100163]], [[-0.45303730098223355], [-0.44271004373180234], [-1.524367917086487]], [[-0.46479430737053123], [-0.4680145317354541], [-1.5737625706330751]], [[-0.4425963238916256], [-0.4500206062850786], [-1.5465712232763573]], [[-0.4501462377217555], [-0.45066353872130666], [-1.5385293858432292]], [[-0.45101708584560973], [-0.44959417399614376], [-1.5333766231840766]], [[-0.45174994478645886], [-0.44630209711954094], [-1.5341708646739667]], [[-0.4556494587660906], [-0.45266136910628185], [-1.5110361757755102]], [[-0.451596722088613], [-0.4461849767829881], [-1.5342722149176948]], [[-0.4516462890652338], [-0.4464374198046804], [-1.5343406427897133]], [[-0.45252502153115814], [-0.4448399763064202], [-1.5251730474922398]], [[-0.46759382172773056], [-0.4207960797281679], [-1.4870772725402457]], [[-0.452037081113127], [-0.44648748022498275], [-1.529031920885709]], [[-0.46698982514662546], [-0.3955452971431768], [-1.4328530114993416]], [[-0.45929518487884047], [-0.4473350842170004], [-1.5195066300080344]], [[-0.4535112402126191], [-0.4443042660265081], [-1.5180651739683484]], [[-0.450251579288946], [-0.45071599484939145], [-1.5385839609196228]], [[-0.4605388040628817], [-0.42996936614263725], [-1.4785832856716126]], [[-0.4520353929000638], [-0.44396654907588434], [-1.5218964533406811]], [[-0.4577621484939637], [-0.43655507264738697], [-1.5093966389597417]], [[-0.45193823851383985], [-0.44642828666128], [-1.5342147997697206]], [[-0.4502022557113452], [-0.4506297559498554], [-1.53852721684456]], [[-0.452608683339284], [-0.4457987455909575], [-1.5272781249714709]], [[-0.4502576410332593], [-0.45053073157541423], [-1.5385369388951764]], [[-0.4519836163557774], [-0.44664998465035194], [-1.5342381528660543]], [[-0.4423223459270544], [-0.43963589967965916], [-1.5277710258936152]], [[-0.4518409523919762], [-0.4465594290752435], [-1.5341769331745838]], [[-0.4401847642937219], [-0.44976198346614316], [-1.5444551974072795]]], "tvecs": [[[-2.839952957691714], [0.8145745342639319], [4.691039128731956]], [[-3.3340801265968434], [1.1278736377976848], [4.503149017782621]], [[-2.8395380484543686], [0.8145650708896797], [4.690021448268276]], [[-2.840570963489192], [0.8146963497079321], [4.6876217384383425]], [[-3.174259925013351], [1.162844244936568], [4.476179474819004]], [[-3.3353886235720602], [1.1280136856598322], [4.505123667489438]], [[-5.956901115576422], [0.3138486013274033], [5.060434249934611]], [[-3.3493077329313756], [1.1307772601033304], [4.501828825549288]], [[-3.4297433744167054], [1.1484709311082064], [4.494269978822777]], [[-0.7849340331941814], [-3.7251095299658896], [7.666022389188536]], [[2.6494960160865704], [-0.9434612662541417], [5.734540445540552]], [[-2.839892548583988], [0.8146276228640034], [4.690808318777433]], [[-2.894906848703034], [0.8242089345461628], [4.682463096575385]], [[-3.335551353889784], [1.1271026225374718], [4.505372317492811]], [[-1.3608741190806646], [0.036544040637991396], [5.132542868354215]], [[-3.3354959887445865], [1.127679663392089], [4.505208238047879]], [[-3.3353447514625034], [1.1275883966029525], [4.504533384756461]], [[-2.949122763667046], [1.1858250887948847], [4.4579758686946604]], [[-8.169831430125717], [0.37776921583319334], [5.0731778576336755]], [[-2.90602507445538], [1.1709672649821854], [4.464574837118193]], [[-10.233692351432277], [0.3261518416426066], [5.167609051371951]], [[-2.0126300902842758], [-3.338528167439077], [7.398750304220106]], [[-3.0542305403413392], [0.2237901716655781], [5.074487238729889]], [[-2.8397370346025603], [0.8147174633549912], [4.690506414953813]], [[-3.822359302181635], [-1.1712900527699965], [5.993558376110628]], [[-3.015398748733569], [0.44112707085448033], [4.938136139172139]], [[-3.824331121496627], [0.9970141986102078], [4.601051783880595]], [[-3.3355330265040766], [1.1271888763104272], [4.5048789131647515]], [[-2.839932533128472], [0.8146761099385468], [4.690992757989532]], [[-2.896645688220827], [1.1775924711726402], [4.460957379180123]], [[-2.839871436742958], [0.8146847371424475], [4.69202143909379]], [[-3.335231049527341], [1.1276214174132901], [4.504400090722904]], [[-2.306558847414807], [-1.6899264807728116], [6.3269665463472275]], [[-3.3352779142485525], [1.127755479986272], [4.503635825883956]], [[0.5086383877823941], [-1.7646188204460516], [6.3273097652926475]]]}