{"mtx": [[354.4921697196074, 0.0, 631.359415673472], [0.0, 263.2563867498032, 312.0320234604565], [0.0, 0.0, 1.0]], "dist": [[-0.2525602792580275, 0.06777938800619913, 0.001199961749514866, -0.0004376986145580113, -0.008158497446121587]], "rvecs": [[[-0.4570169032216014], [-0.4954678152827535], [-1.551391924522816]], [[-0.4526118283344883], [-0.4928761481731551], [-1.548794306306161]], [[-0.47510489780625376], [-0.45952869313607647], [-1.4395829083686513]], [[-0.43196139394765126], [-0.5278174847672443], [-1.6631248575215158]], [[-0.43052403834570807], [-0.5214266153939825], [-1.6608985271549477]], [[-0.4333660816466599], [-0.5256347233711562], [-1.6574364839228646]], [[-0.43750238998067315], [-0.5227974718928889], [-1.6520811760155767]], [[-0.4565781338909772], [-0.4950627342448167], [-1.5513698403628495]], [[-0.43826376188494576], [-0.5271408531555376], [-1.639209432727479]], [[-0.44498341233955013], [-0.5246646866386442], [-1.6275783398126067]], [[-0.4134425622450399], [-0.560148944788067], [-1.7575110628633592]], [[-0.4747951270642947], [-0.46740708568127626], [-1.4592139785717473]], [[-0.43297233647277994], [-0.5331944100063507], [-1.658742949510274]], [[-0.43377220729194693], [-0.5331497688062896], [-1.6585209465402784]], [[-0.43873652097278204], [-0.5259752052963284], [-1.6420198772598968]], [[-0.4771593289033577], [-0.45595961324459], [-1.4239749544582727]], [[-0.4770086771811523], [-0.45570205199593883], [-1.4234714529274446]], [[-0.4567684162042582], [-0.4952267955822863], [-1.5513590191212558]], [[-0.3227945076412948], [-0.6371723748110892], [-2.0940672422751927]], [[-0.44414468740824947], [-0.5161749463505488], [-1.6078611822800377]], [[-0.44435895952548915], [-0.516019840710358], [-1.6078004168917823]], [[-0.44422269436739453], [-0.5160174811311382], [-1.6078428009833952]], [[-0.45814270708716415], [-0.49179882718278733], [-1.5524377351696599]]], "tvecs": [[[-3.922803479288472], [-0.060818858852618674], [5.366206492472367]], [[-5.326340270296913], [-0.0960666540437708], [5.349525024716161]], [[-4.468504521256389], [-0.5516050281924075], [5.673718100757951]], [[-6.318571927031354], [0.39228821367671735], [5.016279406155394]], [[-7.453618590671484], [0.3705768737562399], [5.015114775144394]], [[-6.11700165395363], [0.37620316457160285], [5.032680929629028]], [[-5.268447260990951], [0.3692534111787925], [5.05630450640887]], [[-3.92282889554703], [-0.060870673997297876], [5.3670888385274935]], [[-3.1302772891929442], [0.3580207053385776], [5.100272563100583]], [[-0.5953910960701427], [0.38274912349540546], [5.14899233864655]], [[-1.8733051359773165], [0.2687776769851165], [5.14771836520518]], [[0.49489630975564103], [0.3217237973281723], [5.159403787871591]], [[-1.1974215679415616], [-0.14279176589242973], [5.4622710367681195]], [[-1.1984473749121705], [-0.14376472732870305], [5.461871042748247]], [[-3.886060946678369], [-0.16183735117945286], [5.4383340870063765]], [[-1.828509987377141], [-0.7872320657232453], [5.8893977734885015]], [[-1.8272199692386915], [-0.7897112494224674], [5.88965287978868]], [[-3.9229236474546676], [-0.06083999115221522], [5.365810848241526]], [[-7.220924163736712], [1.8921616305996474], [4.040238704511342]], [[-3.4717826612238047], [-0.32141536568222445], [5.53559923154512]], [[-3.4721624830700737], [-0.3228400439145628], [5.536123977452334]], [[-3.47214213588553], [-0.3230826386664416], [5.535009362074785]], [[-5.274541261506275], [-0.05719984951781553], [5.350255723261453]]]}