{"mtx": [[365.13189039415977, 0.0, 653.2090410060595], [0.0, 278.5892847549936, 317.7515341868233], [0.0, 0.0, 1.0]], "dist": [[-0.2601926512961309, 0.07024306196949211, -0.0018106512799846287, 0.0011616904884732195, -0.008390117918676764]], "rvecs": [[[-0.6443711328816388], [0.6399924242880134], [1.5525254945358076]], [[-0.43743685522888653], [-0.5347499589058045], [-1.5526524389288683]], [[-0.6474671654153302], [0.6178324329338054], [1.5153707299116175]], [[-0.4373365516820364], [-0.5349283626297904], [-1.5527425314772385]], [[-0.4373597173517756], [-0.5351798922144235], [-1.5529380238789148]], [[-0.6413047983711531], [0.6705689444852362], [1.5854353365951168]], [[-0.6645686554159639], [0.6211142093207287], [1.478631840899264]], [[-0.6426700734579777], [0.6659610620668116], [1.5864219394658123]], [[-0.6464400992701256], [0.6381635179323695], [1.55295035260982]], [[-0.6504402300335365], [0.646802188721635], [1.5401109179605177]], [[-0.6410405104603637], [0.6557432012940484], [1.5759424063924345]], [[-0.4374756508027626], [-0.5348424417461012], [-1.5526814634399508]], [[-0.43865019230748287], [-0.5336770465824243], [-1.54741869569843]], [[-0.6607142238793163], [0.61048266336092], [1.491893231290324]], [[-0.6436919028117526], [0.6657517157118686], [1.5751785606249826]], [[-0.6644325762220618], [0.6207431243797591], [1.4787066733056795]], [[-0.6704600140238088], [0.6105007914644757], [1.4695618132520285]], [[-0.6427858169534214], [0.670870881638678], [1.5968488669908008]], [[-0.6477797009139444], [0.6281848709104914], [1.5419206414584996]], [[-0.44308245272686164], [-0.529805089581577], [-1.5340115051163101]], [[-0.43757840891407446], [-0.5348784648699108], [-1.5527397374886105]], [[-0.6503772646034071], [0.6470948406825879], [1.5391751930772315]], [[-0.4410600331998663], [-0.5289112339997305], [-1.5371251917954487]], [[-0.6396795389231267], [0.6630217511208797], [1.581634214000501]], [[-0.6358372635322713], [0.6798600797771647], [1.623614361878151]], [[-0.6698693574136347], [0.6080502734933372], [1.4741642846405836]], [[-0.43751784906834934], [-0.5347885974459325], [-1.5526827854919782]], [[-0.4375993681407531], [-0.5347186963521058], [-1.5526887669249387]], [[-0.6692809585941968], [0.6160993702608814], [1.4680720616918077]], [[-0.650529846397924], [0.6462039080760404], [1.5396318791543508]], [[-0.6487962636731572], [0.6213676940843395], [1.5126599779769245]], [[-0.6470544620741943], [0.6478006834509562], [1.5468684954781469]], [[-0.6458409074706044], [0.6394699260080844], [1.5577571902286451]]], "tvecs": [[[6.106459154366925], [-0.13761030590682521], [6.987301536355331]], [[-3.1583803156871895], [0.7981541587915402], [4.872670043837308]], [[9.792752940875824], [-1.5777909694847472], [8.662124135560717]], [[-3.1579074730569325], [0.7981315902157551], [4.871661171432447]], [[-3.158810446156851], [0.7982431050450735], [4.869115375964656]], [[1.7491008196188387], [-0.2048710854258971], [6.856955046597494]], [[3.2506760727813986], [-0.9454488644085186], [7.712173410085791]], [[-0.8116114621194211], [-0.7294533479950601], [7.360247866113315]], [[9.98063872368637], [-2.4224436460863417], [9.538439964892088]], [[3.5887412860945784], [-0.05322893178536437], [6.770759822338941]], [[4.567032157093389], [0.07892796767598209], [6.68095855360182]], [[-3.158290042894203], [0.79817780710778], [4.872378455925838]], [[-3.212980994666874], [0.8072240066325784], [4.860365302484096]], [[8.133912959306354], [-0.9882537479224803], [8.021781498322195]], [[0.4379181238342643], [-0.45151011627533194], [7.078671697866329]], [[3.250455654515102], [-0.9458475343207698], [7.712433947644392]], [[4.832793209261931], [-1.1504488471720766], [8.02501104518867]], [[-1.1668835301189733], [-1.0926440339287535], [7.7480750058979355]], [[6.911170958017371], [0.17173892346420122], [6.7128363738788055]], [[-3.3961448707544686], [0.23094588840444757], [5.26071174871098]], [[-3.1581280736003965], [0.7982823783861779], [4.872112116619972]], [[3.5757837957272582], [-0.05271077614142784], [6.7649790396160725]], [[-3.348876154292832], [0.4397102802056748], [5.120106274318087]], [[3.4084574442123152], [-0.07095525800423964], [6.78344638150852]], [[-0.8617634423890553], [-1.6801380337629117], [8.40102142849356]], [[6.343422125187138], [-1.033673364316752], [7.976644393037048]], [[-3.158349508316743], [0.7982533726807284], [4.872611360417273]], [[-3.1583479179611564], [0.7982321554433012], [4.873616271706635]], [[3.3007045525477077], [-1.083948812810261], [7.87551030432394]], [[3.5761175030718753], [-0.05118301850537782], [6.767459035202964]], [[9.528313722693827], [-1.288363339677126], [8.37993105831339]], [[4.023658621988367], [-0.0524507730428621], [6.786417850823605]], [[5.840864455723001], [0.2243825520164567], [6.599322828347104]]]}