{"mtx": [[468.9954893401027, 0.0, 660.3264435056738], [0.0, 476.06618116227577, 320.08823842176446], [0.0, 0.0, 1.0]], "dist": [[-0.6268286000618787, 1.1627654291799514, -0.021696666199356174, -0.0019420210972164672, -1.388318460794923]], "rvecs": [[[-0.7221157416579596], [0.7148196407415162], [1.4509582895780235]], [[-0.7221759502929626], [0.7148945224559995], [1.450917961256099]], [[-0.7221089146206428], [0.7149434272822341], [1.4509373705847333]], [[-0.7221430549071356], [0.7148474564297601], [1.4509449998910067]], [[-0.7221438490636028], [0.7147439854498421], [1.450872449581149]], [[-0.7220041917609358], [0.7147846182118546], [1.4510107235961152]], [[-0.722175149326337], [0.714670975230991], [1.4508945447298212]], [[-0.7221259944833521], [0.7146526970175925], [1.4508814231045877]]], "tvecs": [[[3.3169572233462192], [-1.3770880579948948], [9.174876486565152]], [[3.3170256280983494], [-1.3771031019224202], [9.175112521394524]], [[3.3173666338194723], [-1.3769653414046001], [9.174776235866124]], [[3.317005195564908], [-1.377187929492056], [9.17484718263255]], [[3.31710348056599], [-1.37738828080179], [9.175757849460274]], [[3.317239991390134], [-1.3770777819404492], [9.175351343581145]], [[3.3171962043422822], [-1.377298542680457], [9.175436575405083]], [[3.316832969155969], [-1.3775296591245052], [9.175805102760558]]]}