{"mtx": [[348.3979875967162, 0.0, 641.8341374042337], [0.0, 255.37745865705065, 293.22091946244825], [0.0, 0.0, 1.0]], "dist": [[-0.2312288772884875, 0.050798587633604245, -0.000908737213575748, -0.001768143910171259, -0.004688861927816622]], "rvecs": [[[-0.5562567155374635], [-0.49829677542437545], [-1.475119148721364]], [[-0.5584067768995025], [-0.49356186999570956], [-1.4631899485825959]], [[-0.5583946508730189], [-0.4937216811485007], [-1.4631590525201366]], [[-0.5604142182770336], [-0.4896673756192039], [-1.4805392887721962]], [[-0.5331868247647653], [-0.505076885285878], [-1.51632144527635]], [[-0.5282855938413722], [-0.5222855807714091], [-1.5660300657689887]], [[-0.5560206041272928], [-0.49853009899317013], [-1.4747655280114262]], [[-0.5546890500304056], [-0.5107826426345202], [-1.480281091118965]], [[-0.5535166722219825], [-0.49485996945175653], [-1.4934257000603435]], [[-0.5560626456480903], [-0.4982527387559779], [-1.4750878000313992]], [[-0.5562845132675058], [-0.4984179548114751], [-1.4750932334143438]], [[-0.5564026307117008], [-0.4973996170587867], [-1.4717775610385477]], [[-0.556064427986209], [-0.4983113765489119], [-1.4729477198250756]], [[-0.5533077270894508], [-0.5364422993652997], [-1.5198262802593463]], [[-0.5496161607965337], [-0.5066436607187734], [-1.4898839404892676]], [[-0.5630515537795818], [-0.45774172054010054], [-1.460812467474573]], [[-0.5469553842614319], [-0.5017784530268391], [-1.5200008274029455]], [[-0.552988864959865], [-0.5004607229879765], [-1.4861368491494888]], [[-0.556021539073931], [-0.498232552939584], [-1.4751464754650556]], [[-0.5566024529338592], [-0.4983577438472987], [-1.4717348923306193]], [[-0.5562495552042691], [-0.4983660020442825], [-1.4750859679203703]], [[-0.5500978634080076], [-0.520189739604237], [-1.4920578841735828]], [[-0.5611135001858254], [-0.49018546717682365], [-1.48134846271612]], [[-0.5517674789201487], [-0.5034404209425942], [-1.4905519112024535]], [[-0.5536585436533138], [-0.5019791253588366], [-1.4843612963010877]], [[-0.5552579582681305], [-0.49577070488357516], [-1.4703673214529016]], [[-0.5559669278290172], [-0.49818701399814475], [-1.4752570090235886]], [[-0.55403582063234], [-0.5000336606527812], [-1.4806890455811295]], [[-0.5583696143949018], [-0.4937232195877428], [-1.4631851222807635]], [[-0.5563161374900745], [-0.4982994554844093], [-1.4751108064332763]], [[-0.5584608129197016], [-0.4933237976495158], [-1.4632333906536694]], [[-0.5585366531669789], [-0.4934836064283494], [-1.4631931020296427]], [[-0.5562239140644907], [-0.49829783646979003], [-1.4751601710455888]], [[-0.5515195816933895], [-0.5066865839216563], [-1.474997531419912]], [[-0.5561601330539646], [-0.4983610207701323], [-1.4750949453353817]], [[-0.5573792291167398], [-0.4883783599860345], [-1.4721597498692878]], [[-0.5559401007722422], [-0.4915853043039487], [-1.4687110770809777]], [[-0.5559354358947607], [-0.49803417223359164], [-1.4751673367127967]], [[-0.5394132414989866], [-0.5113357190249178], [-1.508151164021687]], [[-0.5562924138612765], [-0.4984040025146326], [-1.4751193088707304]], [[-0.5514347102735196], [-0.5031905306968739], [-1.4841349920288112]], [[-0.5561573378584742], [-0.4984735166013523], [-1.4751016123167628]], [[-0.5561869778036808], [-0.4985074695486257], [-1.4749709019747843]], [[-0.5586815707759092], [-0.49342550462478607], [-1.463156633814804]], [[-0.5527621687221225], [-0.5136581826248541], [-1.4892151301886742]], [[-0.5562424330987874], [-0.4984536716710922], [-1.4750295289708342]], [[-0.556230470214106], [-0.49835315441897804], [-1.4751412416301002]], [[-0.5584992413464007], [-0.49378632621665125], [-1.4630826483121562]], [[-0.555954843471332], [-0.4979964955216018], [-1.4751471467948387]], [[-0.5566954700729039], [-0.497128101322565], [-1.4720593717423363]], [[-0.5561982280842352], [-0.4983839755901009], [-1.4750792560177548]], [[-0.5575102723411142], [-0.49557575044231256], [-1.4765068648952393]]], "tvecs": [[[-3.6899386128948657], [1.9388116005628906], [4.539098182019827]], [[-3.6945321926525416], [1.7647904129074217], [4.681803234382476]], [[-3.694493234597303], [1.7644495237638864], [4.681791193799857]], [[-4.802050068626583], [1.327025096099418], [5.094565338912793]], [[-3.3147415815833603], [-1.0407942405051938], [6.925566718503401]], [[-10.640767439101165], [1.0937539637352724], [5.434673748702569]], [[-3.452080898339109], [1.783935175924702], [4.653844567523563]], [[-1.5731066232488553], [0.8801932366898854], [5.281016484644675]], [[-6.932535003372029], [0.5508295228410309], [5.813508098929401]], [[-3.6900961042000424], [1.938595478547615], [4.538674673304421]], [[-3.6900253495544577], [1.9385887858557882], [4.538500678883668]], [[-3.4856948147834266], [1.7245455627944153], [4.703438859887261]], [[-3.4490001802975403], [1.785346949680387], [4.651199323056799]], [[-3.2687019156062864], [-2.8760712280978646], [8.322503982989424]], [[-3.390569107033078], [0.5203539375609089], [5.642928374562781]], [[-11.605756532244905], [1.5750119456593812], [5.2140760656242]], [[-5.898981889960995], [0.8214900564250184], [5.548320095873485]], [[-3.76252383663828], [1.7563764566083546], [4.690669890139513]], [[-3.689948994533193], [1.9389246335059485], [4.5387147903548986]], [[-3.5277005479419574], [1.7761198386249355], [4.659482065451095]], [[-3.6900467109686557], [1.9385651978855074], [4.538645075165254]], [[-1.6575921412369174], [0.6401567541501515], [5.4469163078081735]], [[-6.309369256596367], [1.4487488398550814], [5.0665782715815215]], [[-3.5738867862152546], [1.8578607943140546], [4.597044818416983]], [[-3.440426915230491], [1.8843264459891955], [4.569477406343199]], [[-3.845404067570901], [1.3069930580934275], [5.044868180738548]], [[-3.6895787878165547], [1.9390767740257844], [4.5391570148470555]], [[-3.679504682640355], [1.941316901950918], [4.534638490364379]], [[-3.694433142180184], [1.7643569302097766], [4.681764284096714]], [[-3.6898568517105517], [1.9390114863131953], [4.538589817439308]], [[-3.6947762891440132], [1.7652953654858363], [4.68349884278526]], [[-3.6947696319226138], [1.7651995416111164], [4.682901884151545]], [[-3.6899237438602865], [1.9388517550093298], [4.5388965403830435]], [[-2.5940125137303864], [0.6662520474737712], [5.484437774461193]], [[-3.6899905872170926], [1.9387074944867346], [4.539061595379358]], [[-9.117966762909177], [1.4878665963920246], [5.106589834067273]], [[-4.013078812759155], [1.514325075443641], [4.900791286633095]], [[-3.689896826033415], [1.9395260176281863], [4.539989037438225]], [[-2.171630807466789], [-0.47797068887255834], [6.418781803758303]], [[-3.689942981889001], [1.9387058961947041], [4.539074115657562]], [[-3.338511807632178], [1.46586820292085], [4.890643631792113]], [[-3.689840572073581], [1.9382500337575177], [4.5383738198488]], [[-3.6900334071152794], [1.9379101275997297], [4.53844077536714]], [[-3.694803744876271], [1.7648719610206407], [4.683660809058443]], [[-0.7305050265142936], [0.38789030119741397], [5.664001508129664]], [[-3.690016923763797], [1.9383762745194437], [4.538666075835904]], [[-3.6897089058647468], [1.9390498454655534], [4.538554357846679]], [[-3.6945720116247713], [1.7641570493841423], [4.681987272186041]], [[-3.6898202670406715], [1.9393449814208006], [4.540027966910105]], [[-3.643866988371569], [1.9246762890649896], [4.548352875964322]], [[-3.690008168362478], [1.9385008847428924], [4.538946592107506]], [[-4.023406900290339], [1.653540375179025], [4.794952437884364]]]}