{"mtx": [[298.16809905743787, 0.0, 668.6623659431037], [0.0, 194.92743436219445, 285.66734013539826], [0.0, 0.0, 1.0]], "dist": [[-0.15203735255507325, 0.022393019553115786, 0.0035329643078907164, 0.004626616567290379, -0.0014035543102246485]], "rvecs": [[[-0.4138156534572468], [-0.4650604493933389], [-1.528304785408854]], [[-0.4199743134024281], [-0.4592075876809736], [-1.5140910850424822]], [[-0.4185293675280495], [-0.4621821825649752], [-1.5100177415949558]], [[-0.41687512998519355], [-0.45824322705920867], [-1.5221944033080044]], [[-0.395135043740495], [-0.47800949052718045], [-1.5199010933175892]], [[-0.38358620291072343], [-0.4929733747526335], [-1.5276784384365707]], [[-0.3677083387048188], [-0.48841629991675967], [-1.5262993341247042]], [[-0.41387066101330716], [-0.4650825796873001], [-1.5283664181194412]], [[-0.381400493108194], [-0.4523241801581829], [-1.377762335589303]], [[-0.3701571110904341], [-0.37888579308253234], [-1.0844585764199275]], [[-0.3855138970117995], [-0.44338197362231396], [-1.3559617157436397]], [[-0.3049874565461147], [-0.6132192553382275], [-2.0568759070791325]], [[-0.3651596233028849], [-0.5205020473340215], [-1.691690460039873]], [[-0.37526815400010516], [-0.46426727190317424], [-1.4634580122806888]], [[-0.4169446861927226], [-0.444073864863003], [-1.4445293460093156]], [[-0.38542889388171725], [-0.5349686724983475], [-1.742382826821481]], [[-0.42153916133331515], [-0.4611470297219523], [-1.5214801512653287]], [[-0.41885992750491247], [-0.4598033960039659], [-1.525206602142027]], [[-0.4169053154000826], [-0.46022921893902347], [-1.5244293532639437]], [[-0.4332701014698174], [-0.38512514976781165], [-1.1512433299630758]], [[-0.40988651952433813], [-0.4736338606902856], [-1.5838445088004414]], [[-0.40507996563256865], [-0.4699968224445765], [-1.58583660806446]], [[-0.4014775690323552], [-0.47874143173889444], [-1.5841722560969391]], [[-0.4015471505443312], [-0.4786635234461473], [-1.5842792245706339]], [[-0.40135570204057514], [-0.47856675140032395], [-1.58425451028731]], [[-0.4204918811826208], [-0.45589459746111455], [-1.522925464796118]]], "tvecs": [[[-4.392541094887792], [0.8085479517850396], [4.483822075772973]], [[-5.825074483749479], [0.6840519146109622], [4.482291610066389]], [[-7.77693932993549], [0.5635984489541257], [4.496290505875123]], [[-6.638710472930889], [0.7081793327960278], [4.534063720657585]], [[-2.8708011339441346], [0.7666989110536011], [4.486243011495056]], [[-1.8743024423321557], [0.8005333072144849], [4.43445836789288]], [[-0.7246441433870185], [0.8149045926169556], [4.5159393205708]], [[-4.392537518286773], [0.8082989504046372], [4.483539020941847]], [[0.5449895266186033], [0.8036973480437426], [4.611368026471814]], [[3.1813375836382334], [1.1291065389109636], [4.616188320100201]], [[0.7387357782420512], [0.5158808542818971], [4.809227510117979]], [[-5.617780359884071], [1.947430526212717], [3.7174428311193677]], [[-2.578086163381849], [0.4260306836712148], [4.720780282450059]], [[-1.031952681499841], [0.05450164898380433], [4.9620833644991]], [[-3.592499281304277], [-0.053172541510044025], [5.001716970547242]], [[-6.972949222094661], [1.5011282941539734], [3.936292682459282]], [[-5.029934946517838], [0.761986504188974], [4.4857805234709325]], [[-5.057004693271388], [0.4101272497846435], [4.731343612171951]], [[-5.03685012709173], [0.3974414987979681], [4.7304983320700424]], [[-1.5784773673790602], [-0.76202869924899], [5.44738830284739]], [[-5.6898463820672776], [0.7649134712018661], [4.4875317756578355]], [[-5.105016466250664], [0.7826960163812413], [4.517150664515717]], [[-4.164048505837342], [0.7876875600626546], [4.489683229756319]], [[-4.163772904698844], [0.7860363181522781], [4.487748850288724]], [[-4.163544462671672], [0.7851418729195998], [4.486555939853596]], [[-5.698189862156269], [0.7386315555710412], [4.498615720019051]]]}