{"mtx": [[376.4426917279556, 0.0, 658.8099956155032], [0.0, 278.75575578780126, 287.13832018600567], [0.0, 0.0, 1.0]], "dist": [[-0.31240823588018773, 0.12162913781390934, 0.01242129460493563, 0.0004611602925731381, -0.025269215216151282]], "rvecs": [[[-0.5539030837330334], [-0.5703889852320447], [-1.4793260667320656]], [[-0.7763819946500388], [-0.8330232911231252], [-1.4550899799273067]], [[-0.7789911922980985], [-0.8298555626268734], [-1.4497071544497244]], [[-0.782335075601203], [-0.8211267832833247], [-1.4340921526930253]], [[-0.553713900896985], [-0.5703590644082418], [-1.479290597354766]], [[-0.5539423451737051], [-0.5705107393967924], [-1.4792998615223687]], [[-0.7674557165624804], [-0.8436579049356299], [-1.4484751340642867]], [[-0.7770250654141097], [-0.8306903879561673], [-1.4509464680407749]], [[-0.7585185540564343], [-0.8556046451819596], [-1.4903927614779835]], [[-0.5536539720107955], [-0.5703335984770846], [-1.4793488166164377]], [[-0.7771335264964819], [-0.8308619982148436], [-1.4508804070805004]], [[-0.5539159181410662], [-0.570475951419175], [-1.479288629511506]], [[-0.7590434518222223], [-0.856309243134055], [-1.4901692288965125]], [[-0.765340612250512], [-0.8467399533942972], [-1.4804366868606627]], [[-0.7812716732597301], [-0.8363274222257044], [-1.4777777327997725]], [[-0.5536457931516191], [-0.5703228236399721], [-1.4794506158548701]], [[-0.5515240595868882], [-0.5722226645641925], [-1.484886141500849]], [[-0.7772172735649129], [-0.8302166752676872], [-1.4508126945136401]], [[-0.5539703192536983], [-0.5703665985790476], [-1.479321443697477]], [[-0.781160732563444], [-0.8068382693060796], [-1.3899561161075662]], [[-0.785598259255055], [-0.815494579932601], [-1.4196185219735364]], [[-0.5538794095267265], [-0.5703945999708673], [-1.4793651119416158]], [[-0.5538061466603024], [-0.570462789795081], [-1.4792989931388547]], [[-0.7654570805950955], [-0.853169335252957], [-1.4914915453755828]], [[-0.5535783781940546], [-0.5701368548932525], [-1.4793677481568375]], [[-0.5539406262713354], [-0.5705121682045904], [-1.4793230572685685]], [[-0.7743743689104988], [-0.8447909455649559], [-1.4844732099051847]], [[-0.5538165736311762], [-0.5705833440285611], [-1.4793041782637988]], [[-0.5538399629892318], [-0.5706273362116996], [-1.4791721967389933]], [[-0.7770163504718681], [-0.8304475209364149], [-1.4509117548009554]], [[-0.5538914599086865], [-0.5705492083301449], [-1.4792359486381619]], [[-0.5538691364425777], [-0.570454928120891], [-1.4793455429538087]], [[-0.7769674129595715], [-0.8306808138598766], [-1.4507749684744675]], [[-0.5536070788458906], [-0.5701074866952857], [-1.4793474157170694]], [[-0.7647738480801981], [-0.847568444051441], [-1.47993908311559]], [[-0.5538475754320217], [-0.5704894572537798], [-1.4792831041379375]], [[-0.752429584826573], [-0.8588777447171828], [-1.4613509486071743]]], "tvecs": [[[-3.9162448862548405], [1.9877188328958626], [4.702818898280919]], [[-3.9869528451118814], [2.596804385774746], [5.311635516790393]], [[-4.046243506252235], [2.5664802086713525], [5.364915670867341]], [[-3.924838702887441], [2.5237723148793103], [5.434873458589266]], [[-3.9163766787462064], [1.9874779696528277], [4.702330274942858]], [[-3.9163109567807908], [1.987482230359808], [4.702203043792942]], [[-2.493944708468912], [2.308644707199811], [5.735031057229589]], [[-3.9868906521215264], [2.5767420522359514], [5.345590108032623]], [[-3.5479719609982365], [2.587505385539196], [5.3060906048344325]], [[-3.9162275333935406], [1.9878073613983995], [4.702384348337576]], [[-3.9868654491079925], [2.5763818094254556], [5.344924210242371]], [[-3.9163318998115764], [1.9874361182714326], [4.702308533687508]], [[-3.4622321232173054], [2.6300044628766983], [5.234797228733497]], [[-3.7775736844765455], [2.6605574223480684], [5.201996029497733]], [[-6.49505286551272], [2.463505660063284], [5.562625139355697]], [[-3.9158818986429895], [1.9879231531706052], [4.702819684096468]], [[-3.9054764084960687], [1.990213708512085], [4.698331168465568]], [[-3.9889208025359726], [2.5769797624246693], [5.347227650640345]], [[-3.9161670251154312], [1.9879442771968108], [4.70236140220479]], [[-2.194023327185788], [2.864569913262887], [4.839112337403106]], [[-3.5780354661917335], [2.5822107338102733], [5.330094510225597]], [[-3.916225376312398], [1.987748000688839], [4.702603314009284]], [[-3.9162900713967916], [1.9876001021638243], [4.702776105742226]], [[-4.341672074974412], [2.482772929732676], [5.485855085702495]], [[-3.9162423140377505], [1.9884372838525948], [4.7037309458151]], [[-3.916238053376295], [1.9875838757654565], [4.702769481596489]], [[-5.301890750861306], [2.4502454719701556], [5.568437831121376]], [[-3.916107390498917], [1.9871210214050492], [4.702049279072544]], [[-3.9162888699543585], [1.986764753805665], [4.702089061799715]], [[-3.98774320140223], [2.576802687304767], [5.346986209776079]], [[-3.916301798124609], [1.9872721968106124], [4.7023765674280105]], [[-3.9159826899820667], [1.9879204545669127], [4.702239630280456]], [[-4.036936695565246], [2.567605666269712], [5.357100587059658]], [[-3.9161660240326497], [1.9882494549991832], [4.703751812820369]], [[-3.777267549984627], [2.6654231741473837], [5.189235826757236]], [[-3.9162996645607957], [1.9873862356597927], [4.702644823031939]], [[-0.8458613422884569], [2.0709963594915735], [6.111569129774387]]]}