{"mtx": [[361.3440135940176, 1.6193052514308397, 673.1576009112558], [0.0, 244.85082773907342, 320.4176090985654], [0.0, 0.0, 1.0]], "dist": [[-0.028649236456423994], [0.07691057093563981], [-0.05065167732620614], [0.011589718038461523]], "rvecs": [[[-0.7419997360678893], [-0.6442737399948189], [-1.4139988087526767]], [[-0.7419534154870524], [-0.644257791469992], [-1.4140954639180974]], [[-0.7990013050492676], [-0.7239307322712583], [-1.4564476651738656]], [[-0.8044900605350981], [-0.6892464185840106], [-1.4672380914156367]], [[-0.7919394271702717], [-0.6657400612220193], [-1.4761465686161963]], [[-0.7737246767584862], [-0.652873469968782], [-1.5092491300134454]], [[-0.7488109094236071], [-0.7448730623790916], [-1.5170078626784327]], [[-0.7623012780006495], [-0.7194763180335816], [-1.459809185817523]], [[-0.7792375367708316], [-0.7214332452861919], [-1.4423057342263228]], [[-0.7852552306622292], [-0.7079269149148042], [-1.4056310868347281]], [[-0.7670935611219749], [-0.6812754894764027], [-1.3865953350305542]], [[-0.7200881117149504], [-0.7140011899746297], [-1.443194265805963]], [[-0.6684475016246502], [-0.7404497206977667], [-1.5040181377840953]], [[-0.6321543227881093], [-0.7599675850144038], [-1.546584299447811]], [[-0.6467721970127771], [-0.7842863087539849], [-1.5539087954202249]], [[-0.7137973961122895], [-0.8054548861723815], [-1.5546272019201026]], [[-0.7420615372887598], [-0.8136281837808894], [-1.5542771098213184]], [[-0.7671734768982539], [-0.798547822437218], [-1.5352461957892471]], [[-0.7787118633288918], [-0.775916461676979], [-1.5017940622097612]], [[-0.7429844351853239], [-0.6526590841686687], [-1.4451512874781103]], [[-0.7853534674350071], [-0.7360239799134815], [-1.4413722508945055]], [[-0.7505600842235186], [-0.6371617269356366], [-1.417621391176226]], [[-0.7436061911691533], [-0.6430265924371499], [-1.4154830465844646]], [[-0.7414725863201003], [-0.6449514351881704], [-1.4162677862518511]], [[-0.742151318427873], [-0.6443335833989582], [-1.413916205735977]]], "tvecs": [[[-3.5078935791850157], [1.3380075334772674], [5.099547189437817]], [[-3.5076370962551158], [1.3382783363736126], [5.0999931482795935]], [[-0.8153545946498005], [1.8915463265332362], [4.665799054627522]], [[0.930942576035338], [2.0919514378133717], [4.757810925167791]], [[2.6266122805076866], [2.0950592717133865], [5.034126378474747]], [[4.841411810998727], [2.316904537967928], [5.1142052053992915]], [[2.081591215473968], [-0.2855763700799159], [7.4945688714721825]], [[0.263896758850885], [-0.9300123989311687], [8.419167335899328]], [[-1.0631371580909592], [-1.3240595293441215], [9.010632621790208]], [[-2.2787180483475953], [-1.517855610439609], [9.28636722416716]], [[-8.93238476666613], [-0.8601578395554712], [8.74762822747031]], [[-10.206284857378561], [0.3258732055038343], [7.362031993301685]], [[-10.361392838219043], [1.5668817114035776], [6.001811047730168]], [[-9.27682840822787], [2.367894270411584], [5.0217058313854475]], [[-7.495591609466587], [2.507723985440393], [4.467678481601618]], [[-4.98913851898663], [2.3751932365114583], [4.1228416941635775]], [[-3.799916896884624], [2.3716700778452218], [3.9707963110758073]], [[-2.705257973404768], [2.2412812900909396], [4.07682025520286]], [[-2.621240962211393], [1.9809191507313124], [4.408772632700797]], [[-2.459801146558387], [1.4344559283333675], [4.959923840382237]], [[-2.6879718658503933], [1.6012524482152253], [4.919788663886818]], [[-2.506534929337383], [1.347937664324844], [5.078689639621219]], [[-3.316453751411868], [1.3276056092966413], [5.103797857594937]], [[-3.5121938801033994], [1.3364579857609056], [5.100188513960647]], [[-3.5081127130484795], [1.3375467277657174], [5.098546972846688]]]}