{"mtx": [[370.93162429570174, 0.0, 659.7335298368071], [0.0, 283.04101068008913, 301.8596294393093], [0.0, 0.0, 1.0]], "dist": [[0.027714170209410676], [-0.06970458171781807], [0.11680165194736189], [-0.06101246601780737]], "rvecs": [[[-0.5388756977464126], [-0.556044057315057], [-1.4843939261752686]], [[-0.7495295092068809], [-0.8076337536966489], [-1.4668394075461222]], [[-0.7520335424332207], [-0.8045677591634298], [-1.4613975233453693]], [[-0.7554031035229961], [-0.7961831053833827], [-1.4456188696156234]], [[-0.538699874318491], [-0.5560171174309049], [-1.4843595155554987]], [[-0.5389159329739921], [-0.5561591220757561], [-1.4843709430697478]], [[-0.7417554002187151], [-0.8179200843507167], [-1.4606742841970204]], [[-0.7501715921505074], [-0.8053905866072295], [-1.4626563103769237]], [[-0.7324829958388525], [-0.8296466891473675], [-1.502511328387487]], [[-0.5386371618944273], [-0.5559928055064556], [-1.4844177658774458]], [[-0.7502746282001178], [-0.8055548658413313], [-1.462596167029628]], [[-0.5388904184990092], [-0.5561289189505912], [-1.4843587792034505]], [[-0.7330250965879075], [-0.8302942874525159], [-1.5023067897980367]], [[-0.7389146298068837], [-0.820946967822243], [-1.4923949433033432]], [[-0.7541860133175894], [-0.8057794776052878], [-1.4902366138298373]], [[-0.5386364887665412], [-0.5559925634826026], [-1.4845164358910266]], [[-0.5365975869163935], [-0.5578431644062913], [-1.489976831847054]], [[-0.7503565330726687], [-0.8049298659381321], [-1.4625078930475448]], [[-0.5389409773666741], [-0.5560194377647928], [-1.4843882148131822]], [[-0.754526785990269], [-0.7819491770233796], [-1.400722348861025]], [[-0.758784880404897], [-0.7906854460174886], [-1.4310500509666146]], [[-0.5388547311217599], [-0.5560505065930151], [-1.4844328664499489]], [[-0.5387829201184076], [-0.5561149969202822], [-1.4843704747868534]], [[-0.7386826521171956], [-0.8270464782974319], [-1.5035394508684277]], [[-0.5385682269005374], [-0.55580947761433], [-1.4844302762552744]], [[-0.538908264637085], [-0.5561632874283111], [-1.4843943031962754]], [[-0.7470663139331926], [-0.8177416032615009], [-1.4964746743123134]], [[-0.5387961191555927], [-0.5562309166972987], [-1.4843787736704341]], [[-0.5388152453274698], [-0.5562736048802989], [-1.4842493113086774]], [[-0.7501616604507904], [-0.8051580993105123], [-1.46261352483606]], [[-0.5388646114869448], [-0.5561942781223238], [-1.4843099887368156]], [[-0.5388412689551061], [-0.5561081751481042], [-1.484415648183301]], [[-0.7500882105131519], [-0.8053728869319151], [-1.4624934943800592]], [[-0.5385996650288994], [-0.555782459874399], [-1.4844087238270938]], [[-0.7383710183547986], [-0.8217423502841079], [-1.4919370244475365]], [[-0.5388230047718426], [-0.556140545346052], [-1.484355014755042]], [[-0.7266280851897122], [-0.832648373449458], [-1.4744376720225556]]], "tvecs": [[[-3.928426967816386], [1.6885915150805881], [4.6391645421376655]], [[-3.9997366173694404], [2.2467498291600236], [5.240244325489813]], [[-4.059157823427354], [2.2145575427662236], [5.292465961954027]], [[-3.9379365716812567], [2.169235245499987], [5.360670951535457]], [[-3.9285597191448254], [1.6883810419093241], [4.638689357854334]], [[-3.9284952711517973], [1.6883924073296461], [4.638566316097603]], [[-2.508298521248786], [1.9452864823297114], [5.654662390993633]], [[-3.9997636249654827], [2.225471823057923], [5.273476465944814]], [[-3.5608033543228537], [2.237585884004671], [5.234631165622719]], [[-3.9284072376139827], [1.6887004067975375], [4.638739591317612]], [[-3.999736948954539], [2.225158737236405], [5.27281778576602]], [[-3.9285132476919324], [1.6883378389828974], [4.638660241546434]], [[-3.474929046540503], [2.2825360090781435], [5.164824413411478]], [[-3.790100309498414], [2.314211896828457], [5.132872340091196]], [[-6.514371864061487], [2.11781402777072], [5.5078454770610605]], [[-3.9280604262948544], [1.6887759527760957], [4.639143423892632]], [[-3.9176646377097764], [1.6912481307979412], [4.634811062598318]], [[-4.001798723643607], [2.2256237618170975], [5.2750975765482755]], [[-3.928351230908264], [1.688838317104506], [4.638717694598137]], [[-2.2075368282689682], [2.5290218820913637], [4.774729774964741]], [[-3.591037876158785], [2.2312021562296103], [5.257759083053589]], [[-3.9284072350201926], [1.6886302401570263], [4.638950444439763]], [[-3.9284723006934645], [1.6884766394750879], [4.6391273930069445]], [[-4.355060404066718], [2.1273545418183843], [5.411945991445694]], [[-3.9284243457291534], [1.6892368155517463], [4.640051245030603]], [[-3.928417046804447], [1.6884585513400012], [4.639110372782691]], [[-5.316928293734943], [2.094503200918742], [5.497951217525297]], [[-3.9282900313056266], [1.6880464379997817], [4.63841550301876]], [[-3.9284683197232555], [1.6876943386310423], [4.638447444797927]], [[-4.000616533602217], [2.2254523810652733], [5.274846226799234]], [[-3.928485640383686], [1.6881810698586124], [4.638743362200519]], [[-3.9281614610877043], [1.6888152484142553], [4.638593281849819]], [[-4.049838874432938], [2.2160512913629153], [5.284799220674949]], [[-3.928348247305941], [1.6890536906746592], [4.64006950836874]], [[-3.789772224050342], [2.319613143053241], [5.120361152147489]], [[-3.928481621755735], [1.6882752965669419], [4.638996833913773]], [[-0.8610487732639825], [1.6963247074845385], [6.023304608434639]]]}