{"mtx": [[381.34182432934523, 1.526816540558333, 639.4614438825537], [0.0, 260.1613129614095, 341.1735772155726], [0.0, 0.0, 1.0]], "dist": [[0.026920798476854635], [-1.0630186901375427], [6.432758796771086], [-13.861048230619478]], "rvecs": [[[-0.694085561423537], [-0.7014053586955548], [-1.4712361588302496]], [[-0.6936782272538087], [-0.7019094599731172], [-1.471423884945905]], [[-0.6936152970985656], [-0.7018949202715197], [-1.4714274715950366]], [[-0.6933112986175738], [-0.7019277381002301], [-1.4715059179477832]], [[-0.6932625521926494], [-0.7021361070661325], [-1.4716506913675067]], [[-0.6944591245828783], [-0.7014755908621603], [-1.468969546384606]], [[-0.6938559548748614], [-0.7013710325824817], [-1.4712667620149515]], [[-0.6938563200936031], [-0.7014269966356925], [-1.471270799522157]], [[-0.6937591217797371], [-0.7020443157503491], [-1.471504723736034]]], "tvecs": [[[-3.4994955534804677], [1.303123632598196], [4.929792718758069]], [[-3.4995263580655074], [1.3018690160413853], [4.920277217567975]], [[-3.4993550984127837], [1.3018820744440565], [4.91966208509109]], [[-3.498619539944499], [1.3020135552147445], [4.919218796423193]], [[-3.49846420573038], [1.3021152528697177], [4.918054960793922]], [[-3.4565040643689966], [1.2935775006136139], [4.926088263174738]], [[-3.499305918837888], [1.3031545822196127], [4.929349428030694]], [[-3.499357319679035], [1.303208059925255], [4.929583359510695]], [[-3.4989483797243204], [1.3021354378514027], [4.9197683854085]]]}