{"mtx": [[369.9887521313066, -1.4184944513749052, 650.109426657229], [0.0, 308.32611350006573, 330.23283367125674], [0.0, 0.0, 1.0]], "dist": [[-0.08509936624740047], [0.5743251289092635], [-0.6700388056074393], [-0.14287972950511757]], "rvecs": [[[-0.83282639938685], [-0.7932507751211615], [-1.412611470679224]], [[-0.8233211091389113], [-0.797767522917474], [-1.4046946664952247]], [[-0.8107388631146908], [-0.7951970876975821], [-1.3941159545694384]], [[-0.799719706405622], [-0.788449891031622], [-1.3813649370304657]], [[-0.7973598550461002], [-0.7727085121649798], [-1.3566155945103127]], [[-0.7979640329086711], [-0.769436985952195], [-1.3489448273633975]], [[-0.833006373212338], [-0.793257485534658], [-1.4124658148859646]], [[-0.833043094235218], [-0.7931701596774708], [-1.4125121731603696]], [[-0.834394041552151], [-0.7881761662834993], [-1.4018418333409608]]], "tvecs": [[[-2.953662435586081], [1.228022800425424], [6.169175647558867]], [[-4.696826659344312], [1.2095674416336346], [6.229282657031235]], [[-6.313686362108861], [1.1925426206418155], [6.3560018820272495]], [[-7.912887793022649], [1.164837940452302], [6.55899173088176]], [[-9.34323495305551], [1.1022474897265093], [6.816321700730658]], [[-10.629367810518223], [0.9541297092575215], [7.157776557430518]], [[-2.953767389203573], [1.2278372629968266], [6.1690369390423605]], [[-2.953696023270542], [1.2281384600398442], [6.170574416632854]], [[-3.3375851758724187], [1.2387022958753857], [6.159544018870728]]]}