{"mtx": [[356.8925970039845, 0.0, 643.2894534256496], [0.0, 264.99849330387883, 332.7801652098627], [0.0, 0.0, 1.0]], "dist": [[0.03358223636912955], [-0.03344582664965758], [0.05830604173288274], [-0.03145447354141928]], "rvecs": [[[-0.7536915211089524], [-0.6774334233170337], [-1.416512359493198]], [[-0.7373729050667228], [-0.7047974491508683], [-1.4525026602611666]], [[-0.7308909859459248], [-0.6992449667056683], [-1.417275010923131]], [[-0.5329861512863668], [-0.5429139728967066], [-1.510024378381386]], [[-0.5331130510258953], [-0.5425129097249602], [-1.5100762031946275]], [[-0.7302435739700383], [-0.7068112793528011], [-1.4142831522869945]], [[-0.7371228394424014], [-0.7047546809580832], [-1.4526554875650832]], [[-0.7483693575803763], [-0.6911185212292077], [-1.4309365017225322]], [[-0.7547822672073087], [-0.6797615189977068], [-1.4137669557456338]], [[-0.7312035953631677], [-0.7072540691010845], [-1.446518583068906]], [[-0.7528299175344028], [-0.6832506312884862], [-1.3971213894398953]], [[-0.7373950416308765], [-0.7046367395641825], [-1.4525881764485757]], [[-0.7477846332812038], [-0.65948334786575], [-1.414717066491731]], [[-0.7482113876798411], [-0.6927278428994044], [-1.4151558054303666]], [[-0.5330318983276127], [-0.5427006786204657], [-1.51006358839197]], [[-0.533084170555376], [-0.5422658213207989], [-1.5100253738745852]], [[-0.5330361330612986], [-0.5427608941519974], [-1.5100352994510764]], [[-0.734841082186353], [-0.7083237634319869], [-1.451984630988006]], [[-0.751766162932007], [-0.6864695975217197], [-1.4081848450413639]], [[-0.7546139301760242], [-0.6666344152080117], [-1.418916622710881]], [[-0.532919674652646], [-0.5427108358051277], [-1.5100884860049157]], [[-0.538450326073966], [-0.5333144798507216], [-1.485781973485309]], [[-0.5331142628830446], [-0.5426237668728134], [-1.50997783370865]], [[-0.7443757952534483], [-0.6992707779986544], [-1.4371879440434738]], [[-0.7289371284736542], [-0.7061922010978772], [-1.4381984234129146]], [[-0.754948607502573], [-0.6719776984581464], [-1.4129116573199063]], [[-0.7503885885059565], [-0.6882732124615923], [-1.4107441591642338]], [[-0.7491395712622089], [-0.6899116804837554], [-1.4126244010861875]], [[-0.7392059232677761], [-0.6992775663993268], [-1.44350438929088]], [[-0.5423023225554268], [-0.5326122620607554], [-1.479755097704149]], [[-0.749615832481545], [-0.6905323547464955], [-1.413135702221258]]], "tvecs": [[[-0.07845322395790937], [2.315269954169876], [4.976592256082027]], [[-3.01352944522462], [2.207423887157483], [5.176385717776605]], [[-9.169504131355062], [2.2435482186393325], [5.206760949504931]], [[-3.7959615830853624], [2.706366961275174], [3.7505573900503126]], [[-3.796032526253386], [2.7069144640452247], [3.752237814440708]], [[-10.337412997591843], [2.111679348680789], [5.33512518358085]], [[-3.013405119533536], [2.2076652050006174], [5.1764565283954385]], [[-1.7719555752919571], [2.7771059143128483], [4.38615255155418]], [[-0.8859203879625256], [2.5509611853009124], [4.670103571522189]], [[-6.339836625321991], [2.256550328742347], [5.175475662099762]], [[-4.05137835802457], [3.156051860591087], [3.900786047182764]], [[-3.01347789759657], [2.208051493003408], [5.177916159181039]], [[3.047174326368482], [1.2815204937018754], [6.1438330562181696]], [[-3.6272205129059834], [3.0240566420094743], [4.062373309215862]], [[-3.796160467175235], [2.7071310250216576], [3.7517898622812993]], [[-3.796739836178727], [2.7071929292326082], [3.7531370814610763]], [[-3.7961251238991416], [2.7070007170819212], [3.751593898979563]], [[-4.753369639716278], [2.2298946916904407], [5.183660444133182]], [[-3.4713523425599706], [3.296637352592497], [3.707498966878158]], [[1.7760870396330364], [1.5216485776391406], [6.007770350337272]], [[-3.7961492815288875], [2.707116720169608], [3.7513725359666776]], [[-3.8152875527066854], [2.608644148817966], [3.835220903742261]], [[-3.796342641594139], [2.7065892476106854], [3.7521823122175664]], [[-2.4942707446733605], [3.181961985163729], [3.8380418138001313]], [[-7.855724067414763], [2.2724896335693052], [5.17154382003078]], [[0.7591420420773244], [1.8202714540459746], [5.62175706066346]], [[-3.4369786465506], [3.0663399568665044], [4.013977023780196]], [[-3.6171281309086685], [3.028302936761289], [4.064065911239516]], [[-3.397049668941943], [2.2301541428241136], [5.163244981918363]], [[-4.467730719291588], [1.4983641067965157], [4.744558368201101]], [[-3.623391984320513], [3.0255978673776127], [4.06613184815589]]]}