{"mtx": [[348.11787358156363, 0.0, 662.6466454630512], [0.0, 254.34215199668344, 331.62659840768396], [0.0, 0.0, 1.0]], "dist": [[0.0248363213657595], [0.055554153537354434], [-0.05003396405377197], [0.012479392824035963]], "rvecs": [[[-0.6047958030499478], [-0.6407871318463398], [-1.5235051538911606]], [[-0.5293139101627586], [-0.5272302079217186], [-1.5203330239940087]], [[-0.5378795323567456], [-0.5158808497539672], [-1.4876195314722682]], [[-0.5770458796929672], [-0.6443098451356133], [-1.5331059012937025]], [[-0.5373046128806122], [-0.5162215982441792], [-1.4891841445092553]], [[-0.5800900601984068], [-0.6927857285382802], [-1.63580251358686]], [[-0.6104878020368156], [-0.6133461744885442], [-1.479764477103015]], [[-0.5739983825104881], [-0.6900541949032973], [-1.6306591262056722]], [[-0.5757948938738855], [-0.6436306576288212], [-1.574866720881209]], [[-0.5359697045232359], [-0.5170464914880462], [-1.4908801103158125]], [[-0.5819985605878683], [-0.6836643069340307], [-1.6148597409825856]], [[-0.5379277300394716], [-0.5161429505877626], [-1.4877977277493817]], [[-0.5791885094749668], [-0.6845938606342911], [-1.6356363520876276]], [[-0.5770168448811774], [-0.6864199810155777], [-1.6338808322020189]], [[-0.6023355572597133], [-0.6435145953732916], [-1.5184275777282166]], [[-0.604724879347825], [-0.6405115754110862], [-1.5097343717092524]], [[-0.6063866334158772], [-0.6401545841023397], [-1.5107193160437329]], [[-0.6019228226746534], [-0.645775387287552], [-1.5199168475785425]], [[-0.5691743631430606], [-0.6771995286059946], [-1.5906758655309154]], [[-0.5875320177135458], [-0.6197672160268618], [-1.5244252850082212]], [[-0.5958678250755177], [-0.6692773846526457], [-1.5777125787428572]], [[-0.5378521710148653], [-0.5160678658159449], [-1.487794686156807]], [[-0.5375630994635339], [-0.5157671917094303], [-1.4877803067472697]], [[-0.5377203989846002], [-0.5158381285689326], [-1.487676464228665]], [[-0.6014871900973374], [-0.6047285672519017], [-1.4791112916693385]], [[-0.5372367037188317], [-0.5161580154019462], [-1.4901813586890114]], [[-0.6073651699239105], [-0.621198067298636], [-1.5134716672610782]]], "tvecs": [[[3.719278833048835], [3.2850932016135745], [3.2751280401344642]], [[-2.7391151316169857], [2.4318961059016364], [3.9240863602116316]], [[-3.802221668298183], [2.3277221130975754], [4.0219826520462]], [[-10.278705757045493], [1.3268900660915592], [5.095875013135501]], [[-3.6086323539213025], [2.3096589921112516], [4.0339509366559625]], [[-4.045886721570642], [3.678667938969578], [2.7671473537895563]], [[-2.8095106946013115], [-1.172984402730682], [7.718205973919148]], [[-9.01791940819778], [3.644486653104455], [2.7956805646938645]], [[1.5372678880371526], [0.3445529693296064], [6.185118664502073]], [[-2.790256761619478], [2.3172983668097666], [4.018401088507344]], [[-2.948122249086261], [3.501393341550012], [2.946474298479436]], [[-3.801668040225338], [2.328445945812603], [4.022199734662623]], [[-5.223503981552059], [3.68315159357044], [2.796722795958259]], [[-7.506521922551788], [3.8100844419439963], [2.650127656041842]], [[0.5235030235092397], [3.127029760057786], [3.355645336263559]], [[1.9593912216912828], [3.067305263495968], [3.43876231000605]], [[-2.972191285236286], [2.6662008458444904], [3.792406077623271]], [[-1.0969806513517208], [2.973695072436992], [3.4789565648312846]], [[-10.136065116883096], [2.7778998353531], [3.6460786381006325]], [[-0.25434364311469815], [-0.46130885321144693], [7.024601456800578]], [[-2.878623975306964], [3.1597077398279847], [3.2945116864554294]], [[-3.8015775739761906], [2.328425060210441], [4.022407897898836]], [[-3.801789144725871], [2.3286671083359964], [4.023150318896578]], [[-3.802054726341954], [2.3282845748091563], [4.022728512964906]], [[-9.269829625594134], [-0.16652645938514987], [6.598643419575946]], [[-3.8062882456097133], [2.3262719252767274], [4.025013879496104]], [[-1.5889838697947039], [-0.9419881348913295], [7.534161210093516]]]}