{"mtx": [[360.8106609381613, 0.0, 632.4946673657506], [0.0, 269.2297458404813, 313.0793479902575], [0.0, 0.0, 1.0]], "dist": [[0.027740065995321722], [-0.0016565442622087244], [0.007162822960881813], [-0.005183202209552382]], "rvecs": [[[-0.6058764142019493], [0.6878715045066109], [1.572211766931183]], [[-0.4714292058454735], [-0.4825252347996476], [-1.5352977544480475]], [[-0.605726406320142], [0.6741520586537962], [1.5426297886745142]], [[-0.4713247598561802], [-0.48270605643061965], [-1.535387065828917]], [[-0.471330715324999], [-0.48296982991313364], [-1.5355803243257435]], [[-0.5898821954071024], [0.7011912698579672], [1.6060554454072418]], [[-0.6233974773905224], [0.6606091820053539], [1.4995413423061845]], [[-0.5834092836691015], [0.6943794930866447], [1.6120443902149257]], [[-0.5992192089680082], [0.686786477903543], [1.5840338424335707]], [[-0.6070034278300428], [0.6843309992190744], [1.558373302329896]], [[-0.599425245115454], [0.6965881034375349], [1.5941377784143278]], [[-0.47146764241815853], [-0.4826119688595877], [-1.5353255264896608]], [[-0.47235963097979805], [-0.481619304412425], [-1.5301609811403514]], [[-0.6230983938399871], [0.6649412736870075], [1.516535156729702]], [[-0.5877560811487504], [0.69499089422111], [1.5980920032438803]], [[-0.6232600027965022], [0.6602242170903185], [1.4996145620433632]], [[-0.6292622302743651], [0.6567287081372571], [1.4927236014914997]], [[-0.5851644961401881], [0.6997019602391423], [1.6230513298536955]], [[-0.6139783912938759], [0.6807376273964374], [1.5605127908363414]], [[-0.47452794012563515], [-0.475858198105973], [-1.5153063541864353]], [[-0.4715753601756434], [-0.4826559969753523], [-1.5353803308127505]], [[-0.6068799520062225], [0.6845826400406342], [1.5574086596469465]], [[-0.47324007251478456], [-0.4756444890482479], [-1.518983406383365]], [[-0.5953344713384883], [0.6999420710107372], [1.6002683498326478]], [[-0.5815130739575858], [0.7088177039561367], [1.649816802690499]], [[-0.6304609077047129], [0.6570151524706689], [1.4982176994824714]], [[-0.47151831516166604], [-0.48256526326915916], [-1.535325747987817]], [[-0.4715904805215844], [-0.48248154333883114], [-1.5353323631163083]], [[-0.6284763531906744], [0.65620835618248], [1.4895498586300437]], [[-0.6070397835171241], [0.6836759136034827], [1.557879963115367]], [[-0.608571403612216], [0.6788520133770015], [1.5387923079074257]], [[-0.6047854760056799], [0.6868013572461322], [1.5651894020881545]], [[-0.6087566333629344], [0.6872708793456311], [1.575247259413594]]], "tvecs": [[[6.495897966292987], [-0.02799282976164092], [6.50008060486267]], [[-2.8787315021154547], [0.8954661314973548], [4.933487588195488]], [[10.286181544738398], [-1.432927857071631], [7.898749970600862]], [[-2.8783144264604235], [0.8954305012209475], [4.9324517839119295]], [[-2.8793386597167774], [0.8955028177075255], [4.929931349421499]], [[2.132317208910638], [-0.11085120747803859], [6.621988060112535]], [[3.6792988363618777], [-0.8406055109972551], [7.392001540376708]], [[-0.39412092356306766], [-0.6364165021566316], [7.239160684911573]], [[10.537401341790298], [-2.273958037901579], [8.757407637327015]], [[3.9676388617571035], [0.0441906726369688], [6.438165559146838]], [[4.941467216041435], [0.17937711364292921], [6.292757369029404]], [[-2.8786630161205453], [0.8954988968621245], [4.933215875746475]], [[-2.9335597604635106], [0.9046049068512806], [4.923362499408524]], [[8.579615380243556], [-0.8555017385278273], [7.380792198322888]], [[0.8350875102838844], [-0.3593404083516732], [6.902606217295086]], [[3.679100654120759], [-0.8409891687625954], [7.392261672587347]], [[5.284577425378398], [-1.038129097874995], [7.60002101812135]], [[-0.7274211845589527], [-1.0001299264738122], [7.643630383102932]], [[7.282936054354529], [0.28428898808535374], [6.179496825522031]], [[-3.0954543586989187], [0.31908825779407163], [5.333462095126325]], [[-2.8785131377152884], [0.8955938264727223], [4.9329307387266255]], [[3.9543336266701643], [0.044473472143936654], [6.433155985848492]], [[-3.055740681241529], [0.5311727347201528], [5.190530778335727]], [[3.7881663717933667], [0.028064329872763867], [6.4604714415486]], [[-0.3844799991947593], [-1.5891262895695304], [8.272549286477194]], [[6.792014569979264], [-0.9131881306523412], [7.458954491408638]], [[-2.8787078694441313], [0.8955684765656815], [4.9334370344943785]], [[-2.8786539941418243], [0.8955764127397451], [4.934468598430719]], [[3.7388372226382676], [-0.9777816751745739], [7.550780233163713]], [[3.954849226128979], [0.04610787702191694], [6.435565282443846]], [[10.001209636838563], [-1.1466172416896832], [7.637096872262095]], [[4.403421374287532], [0.04691223742444521], [6.429111003320268]], [[6.209764494310266], [0.3282760883302584], [6.135837110972765]]]}