{"0": [[-1.19889276071743, -4.354951126356271, 1403.469371832686], [0.000884416946402835, -0.3154909172688993, -493.5824053761706], [3.1742764773809916e-05, -0.007037535217876215, 1.0]], "1": [[-2.291115638292641, -7.142634686150311, 2087.5810511090867], [-0.05495997214164384, -0.3102738998171932, -1029.8985660367716], [-0.0001649461574380805, -0.011177606574930252, 1.0]], "2": [[-3.5663723972038572, -13.697427032679443, 3180.068921032817], [0.17329021292226338, -0.7674162739671688, -2021.514746609214], [0.0005432383281644318, -0.021317712178055236, 1.0]], "3": [[-1.5398084882093037, -6.314485350478876, 1740.4026389142725], [0.12053276056747468, -0.40318883008723516, -785.543089600734], [0.0002620277403640757, -0.009754210140964652, 1.0]]}