{"0": [[3.5949561387788327, 8.688326955877407, -1617.4985161941079], [-0.0157724432154646, -0.6586958276672102, 2505.241911813316], [2.52082293592822e-05, 0.013701986059491595, 1.0]], "1": [[8.712057271204458, 17.538583449880313, -4485.256889942142], [1.0088638062918551, -1.326918890780393, 4494.562176426065], [0.0023673241914800454, 0.026383600339756785, 1.0]], "2": [[1.8085102751114075, 5.043288408573538, -611.7031468862531], [-0.1233672487749516, -0.38691063129488695, 1394.3838410942285], [-0.0002756810028490527, 0.007988707138353477, 1.0]], "3": [[3.421882701427428, 8.65032543233006, -1521.1801202127244], [0.22752629185540768, -0.529989602805138, 1982.6340892590215], [0.00027044313397121285, 0.013095396114843038, 1.0]]}