{"0": [[-0.05863740040830675, 5.481384218187383, 142.40644533911407], [-0.45957529206239484, 1.945420409943275, 808.6600667993799], [-0.0012946278991744285, 0.008618811377011898, 1.0]], "1": [[-4.750949912823629, -35.09543853087039, 3615.5131058366346], [-0.30239187970760184, -12.428487231853888, -2195.570817839411], [-0.0004893987674704335, -0.05433015383922799, 1.0]], "2": [[6.294041041988027, 29.34685065843459, -1962.0730374825523], [1.221388860340808, 9.990616798130784, 2564.2320487289094], [0.0033883365195617405, 0.04620394159994643, 1.0]], "3": [[2.2870911944520076, 22.025917515686206, -1182.5768408358892], [-0.2720530632350934, 8.00557657952434, 1799.363152616755], [-0.0006844102219750768, 0.03413465559206237, 1.0]]}